ID	Description	GeneRatio	BgRatio	enrich_factor	pvalue	qvalue	geneID	gene_number	Contained	Ontology	GeneRatio_num	BgRatio_num	negLog10p	negLog10q	direction	background_genes	foreground_genes	background_term_genes	BH_family_terms
eco02024	Quorum sensing - Escherichia coli K-12 MG1655	11/83	39/827	2.8103181958603645	0.0008672287379100023	0.10493467728711027	C600_DK885_RS01605;C600_DK885_RS01610;C600_DK885_RS01615;C600_DK885_RS01620;C600_DK885_RS01625;C600_DK885_RS11990;C600_DK885_RS11995;C600_DK885_RS12000;C600_DK885_RS12015;C600_DK885_RS12020;C600_DK885_RS12120	11	up	KEGG	0.13253012048192772	0.0471584038694075	3.061866339074897	0.9790809687584466	up	827	83	39	121
eco02010	ABC transporters - Escherichia coli K-12 MG1655	20/83	125/827	1.5942168674698793	0.01570437913070148	0.6429065255276779	C600_DK885_RS00970;C600_DK885_RS00975;C600_DK885_RS00980;C600_DK885_RS01125;C600_DK885_RS01130;C600_DK885_RS01605;C600_DK885_RS01610;C600_DK885_RS01615;C600_DK885_RS01620;C600_DK885_RS01625;C600_DK885_RS07650;C600_DK885_RS07655;C600_DK885_RS08160;C600_DK885_RS08350;C600_DK885_RS08355;C600_DK885_RS11995;C600_DK885_RS12000;C600_DK885_RS22275;C600_DK885_RS23755;C600_DK885_RS23760	20	up&down	KEGG	0.24096385542168675	0.15114873035066506	1.803979228666326	0.19185216610928293	up&down	827	83	125	121
eco00051	Fructose and mannose metabolism - Escherichia coli K-12 MG1655	6/83	22/827	2.7174151150054766	0.01705628039510539	0.6429065255276779	C600_DK885_RS00985;C600_DK885_RS05605;C600_DK885_RS05610;C600_DK885_RS05615;C600_DK885_RS05620;C600_DK885_RS08415	6	up&down	KEGG	0.07228915662650602	0.026602176541717048	1.7681156730518526	0.19185216610928293	up&down	827	83	22	121
eco01232	Nucleotide metabolism - Escherichia coli K-12 MG1655	6/83	23/827	2.599266631744369	0.021253108281906706	0.6429065255276779	C600_DK885_RS04735;C600_DK885_RS16750;C600_DK885_RS19290;C600_DK885_RS20045;C600_DK885_RS20230;C600_DK885_RS21140	6	up&down	KEGG	0.07228915662650602	0.02781136638452237	1.6725775450977707	0.19185216610928293	up&down	827	83	23	121
eco00040	Pentose and glucuronate interconversions - Escherichia coli K-12 MG1655	4/83	15/827	2.657028112449799	0.054501211524720004	1.0	C600_DK885_RS00985;C600_DK885_RS03550;C600_DK885_RS03555;C600_DK885_RS11965	4	up&down	KEGG	0.04819277108433735	0.018137847642079808	1.263593843546248	-0.0	up&down	827	83	15	121
eco00450	Selenocompound metabolism - Escherichia coli K-12 MG1655	3/83	10/827	2.989156626506024	0.06966025674386227	1.0	C600_DK885_RS04705;C600_DK885_RS11085;C600_DK885_RS23350	3	up&down	KEGG	0.03614457831325301	0.012091898428053204	1.1570149292140277	-0.0	up&down	827	83	10	121
eco00074	Mycolic acid biosynthesis - Escherichia coli K-12 MG1655	1/83	1/827	9.963855421686748	0.10036275695289887	1.0	C600_DK885_RS06310	1	up	KEGG	0.012048192771084338	0.0012091898428053204	0.998427417176225	-0.0	up	827	83	1	121
eco02030	Bacterial chemotaxis - Escherichia coli K-12 MG1655	4/83	19/827	2.0976537729866838	0.11380370676481513	1.0	C600_DK885_RS09950;C600_DK885_RS09955;C600_DK885_RS09965;C600_DK885_RS22275	4	up&down	KEGG	0.04819277108433735	0.022974607013301087	0.943843592059688	-0.0	up&down	827	83	19	121
eco02060	Phosphotransferase system (PTS) - Escherichia coli K-12 MG1655	4/83	20/827	1.9927710843373496	0.1318288817081931	1.0	C600_DK885_RS05610;C600_DK885_RS05615;C600_DK885_RS05620;C600_DK885_RS08415	4	up&down	KEGG	0.04819277108433735	0.02418379685610641	0.879989431984899	-0.0	up&down	827	83	20	121
eco00240	Pyrimidine metabolism - Escherichia coli K-12 MG1655	4/83	22/827	1.8116100766703178	0.17108999682990664	1.0	C600_DK885_RS16750;C600_DK885_RS19290;C600_DK885_RS20045;C600_DK885_RS21140	4	up&down	KEGG	0.04819277108433735	0.026602176541717048	0.7667753817421902	-0.0	up&down	827	83	22	121
eco00561	Glycerolipid metabolism - Escherichia coli K-12 MG1655	2/83	8/827	2.490963855421687	0.1874330792213356	1.0	C600_DK885_RS13780;C600_DK885_RS13785	2	down	KEGG	0.024096385542168676	0.009673518742442563	0.7271537600036788	-0.0	down	827	83	8	121
eco00541	Biosynthesis of various nucleotide sugars - Escherichia coli K-12 MG1655	2/83	9/827	2.214190093708166	0.22599148177746262	1.0	C600_DK885_RS02860;C600_DK885_RS13685	2	down	KEGG	0.024096385542168676	0.010882708585247884	0.6459079302630557	-0.0	down	827	83	9	121
eco00190	Oxidative phosphorylation - Escherichia coli K-12 MG1655	4/83	25/827	1.5942168674698796	0.23637497023675702	1.0	C600_DK885_RS07785;C600_DK885_RS07810;C600_DK885_RS14295;C600_DK885_RS21195	4	up&down	KEGG	0.04819277108433735	0.030229746070133012	0.6263985128312529	-0.0	up&down	827	83	25	121
eco00540	Lipopolysaccharide biosynthesis - Escherichia coli K-12 MG1655	2/83	11/827	1.8116100766703178	0.30419430082783266	1.0	C600_DK885_RS00690;C600_DK885_RS19240	2	down	KEGG	0.024096385542168676	0.013301088270858524	0.5168489268451821	-0.0	down	827	83	11	121
eco03020	RNA polymerase - Escherichia coli K-12 MG1655	1/83	4/827	2.490963855421687	0.34548870528936726	1.0	C600_DK885_RS22535	1	down	KEGG	0.012048192771084338	0.0048367593712212815	0.4615661460052169	-0.0	down	827	83	4	121
eco03030	DNA replication - Escherichia coli K-12 MG1655	2/83	13/827	1.5329008341056536	0.3810364141911148	1.0	C600_DK885_RS00215;C600_DK885_RS22135	2	down	KEGG	0.024096385542168676	0.015719467956469165	0.4190335184803511	-0.0	down	827	83	13	121
eco00053	Ascorbate and aldarate metabolism - Escherichia coli K-12 MG1655	1/83	5/827	1.9927710843373496	0.4114965272348288	1.0	C600_DK885_RS03370	1	down	KEGG	0.012048192771084338	0.006045949214026602	0.38563382560144377	-0.0	down	827	83	5	121
eco01310	Nitrogen cycle - Escherichia coli K-12 MG1655	1/83	5/827	1.9927710843373496	0.4114965272348288	1.0	C600_DK885_RS02085	1	up	KEGG	0.012048192771084338	0.006045949214026602	0.38563382560144377	-0.0	up	827	83	5	121
eco00760	Nicotinate and nicotinamide metabolism - Escherichia coli K-12 MG1655	2/83	14/827	1.423407917383821	0.4181863050065766	1.0	C600_DK885_RS10755;C600_DK885_RS11505	2	up&down	KEGG	0.024096385542168676	0.016928657799274487	0.3786301937982633	-0.0	up&down	827	83	14	121
eco00630	Glyoxylate and dicarboxylate metabolism - Escherichia coli K-12 MG1655	2/83	15/827	1.3285140562248996	0.4542078852012015	1.0	C600_DK885_RS04180;C600_DK885_RS12545	2	up	KEGG	0.024096385542168676	0.018137847642079808	0.3427453305529963	-0.0	up	827	83	15	121
eco00061	Fatty acid biosynthesis - Escherichia coli K-12 MG1655	1/83	6/827	1.6606425702811245	0.47091962728243697	1.0	C600_DK885_RS19245	1	down	KEGG	0.012048192771084338	0.007255139056831923	0.3270532083833129	-0.0	down	827	83	6	121
eco03430	Mismatch repair - Escherichia coli K-12 MG1655	2/83	17/827	1.1722182849043232	0.5223118734001579	1.0	C600_DK885_RS00215;C600_DK885_RS22135	2	down	KEGG	0.024096385542168676	0.020556227327690448	0.28207010149680073	-0.0	down	827	83	17	121
eco00900	Terpenoid backbone biosynthesis - Escherichia coli K-12 MG1655	1/83	7/827	1.423407917383821	0.524407655218666	1.0	C600_DK885_RS13720	1	down	KEGG	0.012048192771084338	0.008464328899637243	0.28033097717463423	-0.0	down	827	83	7	121
eco00910	Nitrogen metabolism - Escherichia coli K-12 MG1655	1/83	7/827	1.423407917383821	0.524407655218666	1.0	C600_DK885_RS02085	1	up	KEGG	0.012048192771084338	0.008464328899637243	0.28033097717463423	-0.0	up	827	83	7	121
eco00640	Propanoate metabolism - Escherichia coli K-12 MG1655	2/83	19/827	1.0488268864933419	0.584606353477724	1.0	C600_DK885_RS03435;C600_DK885_RS15095	2	down	KEGG	0.024096385542168676	0.022974607013301087	0.23313646905842753	-0.0	down	827	83	19	121
eco01212	Fatty acid metabolism - Escherichia coli K-12 MG1655	1/83	9/827	1.107095046854083	0.6158663051844852	1.0	C600_DK885_RS19245	1	down	KEGG	0.012048192771084338	0.010882708585247884	0.21051355605383942	-0.0	down	827	83	9	121
eco00130	Ubiquinone and other terpenoid-quinone biosynthesis - Escherichia coli K-12 MG1655	2/83	21/827	0.948938611589214	0.6408095403506565	1.0	C600_DK885_RS07890;C600_DK885_RS22235	2	up&down	KEGG	0.024096385542168676	0.02539298669891173	0.19327103111420174	-0.0	up&down	827	83	21	121
eco02040	Flagellar assembly - Escherichia coli K-12 MG1655	2/83	22/827	0.9058050383351589	0.6666280899381609	1.0	C600_DK885_RS03690;C600_DK885_RS09950	2	up	KEGG	0.024096385542168676	0.026602176541717048	0.17611639027327827	-0.0	up	827	83	22	121
eco02020	Two-component system - Escherichia coli K-12 MG1655	9/83	98/827	0.9150479468895992	0.6731708869041171	1.0	C600_DK885_RS00210;C600_DK885_RS00400;C600_DK885_RS01210;C600_DK885_RS09955;C600_DK885_RS09965;C600_DK885_RS15275;C600_DK885_RS17255;C600_DK885_RS20450;C600_DK885_RS20660	9	up&down	KEGG	0.10843373493975904	0.1185006045949214	0.1718746745296863	-0.0	up&down	827	83	98	121
eco00770	Pantothenate and CoA biosynthesis - Escherichia coli K-12 MG1655	1/83	11/827	0.9058050383351589	0.6899080854930251	1.0	C600_DK885_RS06310	1	up	KEGG	0.012048192771084338	0.013301088270858524	0.16120876523687044	-0.0	up	827	83	11	121
eco00780	Biotin metabolism - Escherichia coli K-12 MG1655	1/83	11/827	0.9058050383351589	0.6899080854930251	1.0	C600_DK885_RS19245	1	down	KEGG	0.012048192771084338	0.013301088270858524	0.16120876523687044	-0.0	down	827	83	11	121
eco01501	beta-Lactam resistance - Escherichia coli K-12 MG1655	1/83	11/827	0.9058050383351589	0.6899080854930251	1.0	C600_DK885_RS15275	1	down	KEGG	0.012048192771084338	0.013301088270858524	0.16120876523687044	-0.0	down	827	83	11	121
eco00520	Amino sugar and nucleotide sugar metabolism - Escherichia coli K-12 MG1655	2/83	26/827	0.7664504170528268	0.7553752228041646	1.0	C600_DK885_RS02855;C600_DK885_RS02860	2	down	KEGG	0.024096385542168676	0.03143893591293833	0.12183726464472171	-0.0	down	827	83	26	121
eco03440	Homologous recombination - Escherichia coli K-12 MG1655	2/83	26/827	0.7664504170528268	0.7553752228041646	1.0	C600_DK885_RS00215;C600_DK885_RS22135	2	down	KEGG	0.024096385542168676	0.03143893591293833	0.12183726464472171	-0.0	down	827	83	26	121
eco00230	Purine metabolism - Escherichia coli K-12 MG1655	3/83	39/827	0.7664504170528266	0.7712656143565383	1.0	C600_DK885_RS04735;C600_DK885_RS20230;C600_DK885_RS21140	3	up&down	KEGG	0.03614457831325301	0.0471584038694075	0.1127960305305149	-0.0	up&down	827	83	39	121
eco01120	Microbial metabolism in diverse environments - Escherichia coli K-12 MG1655	11/83	130/827	0.8430954587581094	0.7880242040660934	1.0	C600_DK885_RS02085;C600_DK885_RS03550;C600_DK885_RS03555;C600_DK885_RS04180;C600_DK885_RS04735;C600_DK885_RS08415;C600_DK885_RS09560;C600_DK885_RS11965;C600_DK885_RS12545;C600_DK885_RS13130;C600_DK885_RS15095	11	up&down	KEGG	0.13253012048192772	0.15719467956469166	0.10346044300421413	-0.0	up&down	827	83	130	121
eco00030	Pentose phosphate pathway - Escherichia coli K-12 MG1655	1/83	15/827	0.6642570281124498	0.7982641803527356	1.0	C600_DK885_RS19550	1	up	KEGG	0.012048192771084338	0.018137847642079808	0.09785335791943527	-0.0	up	827	83	15	121
eco00270	Cysteine and methionine metabolism - Escherichia coli K-12 MG1655	1/83	16/827	0.6227409638554218	0.8188849599471784	1.0	C600_DK885_RS23350	1	down	KEGG	0.012048192771084338	0.019347037484885126	0.08677710528396157	-0.0	down	827	83	16	121
eco01250	Biosynthesis of nucleotide sugars - Escherichia coli K-12 MG1655	1/83	16/827	0.6227409638554218	0.8188849599471784	1.0	C600_DK885_RS13685	1	down	KEGG	0.012048192771084338	0.019347037484885126	0.08677710528396157	-0.0	down	827	83	16	121
eco01100	Metabolic pathways - Escherichia coli K-12 MG1655	42/83	454/827	0.9217663605965711	0.8278153536496725	1.0	C600_DK885_RS00985;C600_DK885_RS02085;C600_DK885_RS02855;C600_DK885_RS02860;C600_DK885_RS03370;C600_DK885_RS03435;C600_DK885_RS03550;C600_DK885_RS03555;C600_DK885_RS04180;C600_DK885_RS04735;C600_DK885_RS05605;C600_DK885_RS05610;C600_DK885_RS05615;C600_DK885_RS05620;C600_DK885_RS06310;C600_DK885_RS07785;C600_DK885_RS07810;C600_DK885_RS07890;C600_DK885_RS08415;C600_DK885_RS09560;C600_DK885_RS10755;C600_DK885_RS11085;C600_DK885_RS11505;C600_DK885_RS11965;C600_DK885_RS12545;C600_DK885_RS13130;C600_DK885_RS13685;C600_DK885_RS13720;C600_DK885_RS13780;C600_DK885_RS13785;C600_DK885_RS14295;C600_DK885_RS15095;C600_DK885_RS16750;C600_DK885_RS19240;C600_DK885_RS19245;C600_DK885_RS19290;C600_DK885_RS19550;C600_DK885_RS20045;C600_DK885_RS20230;C600_DK885_RS21140;C600_DK885_RS22235;C600_DK885_RS23350	42	up&down	KEGG	0.5060240963855421	0.5489721886336155	0.08206652291775089	-0.0	up&down	827	83	454	121
eco01503	Cationic antimicrobial peptide (CAMP) resistance - Escherichia coli K-12 MG1655	1/83	17/827	0.5861091424521616	0.8374207778573678	1.0	C600_DK885_RS19240	1	down	KEGG	0.012048192771084338	0.020556227327690448	0.07705626771413061	-0.0	down	827	83	17	121
eco00620	Pyruvate metabolism - Escherichia coli K-12 MG1655	2/83	32/827	0.6227409638554218	0.8504770711138814	1.0	C600_DK885_RS09560;C600_DK885_RS12545	2	up	KEGG	0.024096385542168676	0.03869407496977025	0.0703373904852144	-0.0	up	827	83	32	121
eco01240	Biosynthesis of cofactors - Escherichia coli K-12 MG1655	5/83	74/827	0.6732334744382937	0.887276248863064	1.0	C600_DK885_RS07890;C600_DK885_RS10755;C600_DK885_RS19245;C600_DK885_RS19290;C600_DK885_RS22235	5	up&down	KEGG	0.060240963855421686	0.08948004836759371	0.051941143777765576	-0.0	up&down	827	83	74	121
eco00920	Sulfur metabolism - Escherichia coli K-12 MG1655	1/83	23/827	0.43321110529072815	0.9151916170830993	1.0	C600_DK885_RS13130	1	down	KEGG	0.012048192771084338	0.02781136638452237	0.03848796655719822	-0.0	down	827	83	23	121
eco02026	Biofilm formation - Escherichia coli - Escherichia coli K-12 MG1655	1/83	33/827	0.30193501277838625	0.9716593909378015	1.0	C600_DK885_RS12015	1	up	KEGG	0.012048192771084338	0.03990326481257558	0.012485947584212561	-0.0	up	827	83	33	121
eco01230	Biosynthesis of amino acids - Escherichia coli K-12 MG1655	1/83	55/827	0.18116100766703178	0.9975875873467329	1.0	C600_DK885_RS23350	1	down	KEGG	0.012048192771084338	0.06650544135429262	0.0010489632788694293	-0.0	down	827	83	55	121
eco01110	Biosynthesis of secondary metabolites - Escherichia coli K-12 MG1655	8/83	170/827	0.46888731396172934	0.9983999011705685	1.0	C600_DK885_RS04180;C600_DK885_RS06310;C600_DK885_RS07890;C600_DK885_RS13720;C600_DK885_RS13780;C600_DK885_RS19550;C600_DK885_RS22235;C600_DK885_RS23350	8	up&down	KEGG	0.0963855421686747	0.20556227327690446	0.00069547065151387	-0.0	up&down	827	83	170	121
eco00010	Glycolysis / Gluconeogenesis - Escherichia coli K-12 MG1655	0/83	19/827	0.0	1.0	1.0		0		KEGG	0.0	0.022974607013301087	-0.0	-0.0		827	83	19	121
eco00020	Citrate cycle (TCA cycle) - Escherichia coli K-12 MG1655	0/83	12/827	0.0	1.0	1.0		0		KEGG	0.0	0.014510278113663845	-0.0	-0.0		827	83	12	121
eco00052	Galactose metabolism - Escherichia coli K-12 MG1655	0/83	16/827	0.0	1.0	1.0		0		KEGG	0.0	0.019347037484885126	-0.0	-0.0		827	83	16	121
eco00071	Fatty acid degradation - Escherichia coli K-12 MG1655	0/83	8/827	0.0	1.0	1.0		0		KEGG	0.0	0.009673518742442563	-0.0	-0.0		827	83	8	121
eco00121	Secondary bile acid biosynthesis - Escherichia coli K-12 MG1655	0/83	1/827	0.0	1.0	1.0		0		KEGG	0.0	0.0012091898428053204	-0.0	-0.0		827	83	1	121
eco00220	Arginine biosynthesis - Escherichia coli K-12 MG1655	0/83	6/827	0.0	1.0	1.0		0		KEGG	0.0	0.007255139056831923	-0.0	-0.0		827	83	6	121
eco00250	Alanine, aspartate and glutamate metabolism - Escherichia coli K-12 MG1655	0/83	12/827	0.0	1.0	1.0		0		KEGG	0.0	0.014510278113663845	-0.0	-0.0		827	83	12	121
eco00260	Glycine, serine and threonine metabolism - Escherichia coli K-12 MG1655	0/83	14/827	0.0	1.0	1.0		0		KEGG	0.0	0.016928657799274487	-0.0	-0.0		827	83	14	121
eco00261	Monobactam biosynthesis - Escherichia coli K-12 MG1655	0/83	8/827	0.0	1.0	1.0		0		KEGG	0.0	0.009673518742442563	-0.0	-0.0		827	83	8	121
eco00280	Valine, leucine and isoleucine degradation - Escherichia coli K-12 MG1655	0/83	3/827	0.0	1.0	1.0		0		KEGG	0.0	0.0036275695284159614	-0.0	-0.0		827	83	3	121
eco00290	Valine, leucine and isoleucine biosynthesis - Escherichia coli K-12 MG1655	0/83	4/827	0.0	1.0	1.0		0		KEGG	0.0	0.0048367593712212815	-0.0	-0.0		827	83	4	121
eco00300	Lysine biosynthesis - Escherichia coli K-12 MG1655	0/83	13/827	0.0	1.0	1.0		0		KEGG	0.0	0.015719467956469165	-0.0	-0.0		827	83	13	121
eco00310	Lysine degradation - Escherichia coli K-12 MG1655	0/83	6/827	0.0	1.0	1.0		0		KEGG	0.0	0.007255139056831923	-0.0	-0.0		827	83	6	121
eco00330	Arginine and proline metabolism - Escherichia coli K-12 MG1655	0/83	12/827	0.0	1.0	1.0		0		KEGG	0.0	0.014510278113663845	-0.0	-0.0		827	83	12	121
eco00332	Carbapenem biosynthesis - Escherichia coli K-12 MG1655	0/83	2/827	0.0	1.0	1.0		0		KEGG	0.0	0.0024183796856106408	-0.0	-0.0		827	83	2	121
eco00340	Histidine metabolism - Escherichia coli K-12 MG1655	0/83	8/827	0.0	1.0	1.0		0		KEGG	0.0	0.009673518742442563	-0.0	-0.0		827	83	8	121
eco00350	Tyrosine metabolism - Escherichia coli K-12 MG1655	0/83	8/827	0.0	1.0	1.0		0		KEGG	0.0	0.009673518742442563	-0.0	-0.0		827	83	8	121
eco00360	Phenylalanine metabolism - Escherichia coli K-12 MG1655	0/83	13/827	0.0	1.0	1.0		0		KEGG	0.0	0.015719467956469165	-0.0	-0.0		827	83	13	121
eco00362	Benzoate degradation - Escherichia coli K-12 MG1655	0/83	6/827	0.0	1.0	1.0		0		KEGG	0.0	0.007255139056831923	-0.0	-0.0		827	83	6	121
eco00380	Tryptophan metabolism - Escherichia coli K-12 MG1655	0/83	4/827	0.0	1.0	1.0		0		KEGG	0.0	0.0048367593712212815	-0.0	-0.0		827	83	4	121
eco00400	Phenylalanine, tyrosine and tryptophan biosynthesis - Escherichia coli K-12 MG1655	0/83	14/827	0.0	1.0	1.0		0		KEGG	0.0	0.016928657799274487	-0.0	-0.0		827	83	14	121
eco00401	Novobiocin biosynthesis - Escherichia coli K-12 MG1655	0/83	4/827	0.0	1.0	1.0		0		KEGG	0.0	0.0048367593712212815	-0.0	-0.0		827	83	4	121
eco00410	beta-Alanine metabolism - Escherichia coli K-12 MG1655	0/83	8/827	0.0	1.0	1.0		0		KEGG	0.0	0.009673518742442563	-0.0	-0.0		827	83	8	121
eco00430	Taurine and hypotaurine metabolism - Escherichia coli K-12 MG1655	0/83	4/827	0.0	1.0	1.0		0		KEGG	0.0	0.0048367593712212815	-0.0	-0.0		827	83	4	121
eco00440	Phosphonate and phosphinate metabolism - Escherichia coli K-12 MG1655	0/83	2/827	0.0	1.0	1.0		0		KEGG	0.0	0.0024183796856106408	-0.0	-0.0		827	83	2	121
eco00460	Cyanoamino acid metabolism - Escherichia coli K-12 MG1655	0/83	2/827	0.0	1.0	1.0		0		KEGG	0.0	0.0024183796856106408	-0.0	-0.0		827	83	2	121
eco00470	D-Amino acid metabolism - Escherichia coli K-12 MG1655	0/83	9/827	0.0	1.0	1.0		0		KEGG	0.0	0.010882708585247884	-0.0	-0.0		827	83	9	121
eco00480	Glutathione metabolism - Escherichia coli K-12 MG1655	0/83	9/827	0.0	1.0	1.0		0		KEGG	0.0	0.010882708585247884	-0.0	-0.0		827	83	9	121
eco00500	Starch and sucrose metabolism - Escherichia coli K-12 MG1655	0/83	13/827	0.0	1.0	1.0		0		KEGG	0.0	0.015719467956469165	-0.0	-0.0		827	83	13	121
eco00511	Other glycan degradation - Escherichia coli K-12 MG1655	0/83	3/827	0.0	1.0	1.0		0		KEGG	0.0	0.0036275695284159614	-0.0	-0.0		827	83	3	121
eco00521	Streptomycin biosynthesis - Escherichia coli K-12 MG1655	0/83	2/827	0.0	1.0	1.0		0		KEGG	0.0	0.0024183796856106408	-0.0	-0.0		827	83	2	121
eco00542	O-Antigen repeat unit biosynthesis - Escherichia coli K-12 MG1655	0/83	2/827	0.0	1.0	1.0		0		KEGG	0.0	0.0024183796856106408	-0.0	-0.0		827	83	2	121
eco00543	Exopolysaccharide biosynthesis - Escherichia coli K-12 MG1655	0/83	2/827	0.0	1.0	1.0		0		KEGG	0.0	0.0024183796856106408	-0.0	-0.0		827	83	2	121
eco00550	Peptidoglycan biosynthesis - Escherichia coli K-12 MG1655	0/83	14/827	0.0	1.0	1.0		0		KEGG	0.0	0.016928657799274487	-0.0	-0.0		827	83	14	121
eco00552	Teichoic acid biosynthesis - Escherichia coli K-12 MG1655	0/83	1/827	0.0	1.0	1.0		0		KEGG	0.0	0.0012091898428053204	-0.0	-0.0		827	83	1	121
eco00564	Glycerophospholipid metabolism - Escherichia coli K-12 MG1655	0/83	18/827	0.0	1.0	1.0		0		KEGG	0.0	0.02176541717049577	-0.0	-0.0		827	83	18	121
eco00565	Ether lipid metabolism - Escherichia coli K-12 MG1655	0/83	1/827	0.0	1.0	1.0		0		KEGG	0.0	0.0012091898428053204	-0.0	-0.0		827	83	1	121
eco00566	Sulfoquinovose metabolism - Escherichia coli K-12 MG1655	0/83	5/827	0.0	1.0	1.0		0		KEGG	0.0	0.006045949214026602	-0.0	-0.0		827	83	5	121
eco00592	alpha-Linolenic acid metabolism - Escherichia coli K-12 MG1655	0/83	1/827	0.0	1.0	1.0		0		KEGG	0.0	0.0012091898428053204	-0.0	-0.0		827	83	1	121
eco00600	Sphingolipid metabolism - Escherichia coli K-12 MG1655	0/83	2/827	0.0	1.0	1.0		0		KEGG	0.0	0.0024183796856106408	-0.0	-0.0		827	83	2	121
eco00621	Dioxin degradation - Escherichia coli K-12 MG1655	0/83	2/827	0.0	1.0	1.0		0		KEGG	0.0	0.0024183796856106408	-0.0	-0.0		827	83	2	121
eco00622	Xylene degradation - Escherichia coli K-12 MG1655	0/83	2/827	0.0	1.0	1.0		0		KEGG	0.0	0.0024183796856106408	-0.0	-0.0		827	83	2	121
eco00625	Chloroalkane and chloroalkene degradation - Escherichia coli K-12 MG1655	0/83	3/827	0.0	1.0	1.0		0		KEGG	0.0	0.0036275695284159614	-0.0	-0.0		827	83	3	121
eco00626	Naphthalene degradation - Escherichia coli K-12 MG1655	0/83	3/827	0.0	1.0	1.0		0		KEGG	0.0	0.0036275695284159614	-0.0	-0.0		827	83	3	121
eco00633	Nitrotoluene degradation - Escherichia coli K-12 MG1655	0/83	2/827	0.0	1.0	1.0		0		KEGG	0.0	0.0024183796856106408	-0.0	-0.0		827	83	2	121
eco00650	Butanoate metabolism - Escherichia coli K-12 MG1655	0/83	12/827	0.0	1.0	1.0		0		KEGG	0.0	0.014510278113663845	-0.0	-0.0		827	83	12	121
eco00660	C5-Branched dibasic acid metabolism - Escherichia coli K-12 MG1655	0/83	2/827	0.0	1.0	1.0		0		KEGG	0.0	0.0024183796856106408	-0.0	-0.0		827	83	2	121
eco00670	One carbon pool by folate - Escherichia coli K-12 MG1655	0/83	5/827	0.0	1.0	1.0		0		KEGG	0.0	0.006045949214026602	-0.0	-0.0		827	83	5	121
eco00680	Methane metabolism - Escherichia coli K-12 MG1655	0/83	12/827	0.0	1.0	1.0		0		KEGG	0.0	0.014510278113663845	-0.0	-0.0		827	83	12	121
eco00710	Carbon fixation by Calvin cycle - Escherichia coli K-12 MG1655	0/83	7/827	0.0	1.0	1.0		0		KEGG	0.0	0.008464328899637243	-0.0	-0.0		827	83	7	121
eco00720	Other carbon fixation pathways - Escherichia coli K-12 MG1655	0/83	17/827	0.0	1.0	1.0		0		KEGG	0.0	0.020556227327690448	-0.0	-0.0		827	83	17	121
eco00730	Thiamine metabolism - Escherichia coli K-12 MG1655	0/83	10/827	0.0	1.0	1.0		0		KEGG	0.0	0.012091898428053204	-0.0	-0.0		827	83	10	121
eco00740	Riboflavin metabolism - Escherichia coli K-12 MG1655	0/83	8/827	0.0	1.0	1.0		0		KEGG	0.0	0.009673518742442563	-0.0	-0.0		827	83	8	121
eco00750	Vitamin B6 metabolism - Escherichia coli K-12 MG1655	0/83	5/827	0.0	1.0	1.0		0		KEGG	0.0	0.006045949214026602	-0.0	-0.0		827	83	5	121
eco00785	Lipoic acid metabolism - Escherichia coli K-12 MG1655	0/83	2/827	0.0	1.0	1.0		0		KEGG	0.0	0.0024183796856106408	-0.0	-0.0		827	83	2	121
eco00790	Folate biosynthesis - Escherichia coli K-12 MG1655	0/83	14/827	0.0	1.0	1.0		0		KEGG	0.0	0.016928657799274487	-0.0	-0.0		827	83	14	121
eco00860	Porphyrin metabolism - Escherichia coli K-12 MG1655	0/83	7/827	0.0	1.0	1.0		0		KEGG	0.0	0.008464328899637243	-0.0	-0.0		827	83	7	121
eco00907	Pinene, camphor and geraniol degradation - Escherichia coli K-12 MG1655	0/83	3/827	0.0	1.0	1.0		0		KEGG	0.0	0.0036275695284159614	-0.0	-0.0		827	83	3	121
eco00930	Caprolactam degradation - Escherichia coli K-12 MG1655	0/83	2/827	0.0	1.0	1.0		0		KEGG	0.0	0.0024183796856106408	-0.0	-0.0		827	83	2	121
eco00970	Aminoacyl-tRNA biosynthesis - Escherichia coli K-12 MG1655	0/83	2/827	0.0	1.0	1.0		0		KEGG	0.0	0.0024183796856106408	-0.0	-0.0		827	83	2	121
eco00999	Biosynthesis of various plant secondary metabolites - Escherichia coli K-12 MG1655	0/83	1/827	0.0	1.0	1.0		0		KEGG	0.0	0.0012091898428053204	-0.0	-0.0		827	83	1	121
eco01040	Biosynthesis of unsaturated fatty acids - Escherichia coli K-12 MG1655	0/83	2/827	0.0	1.0	1.0		0		KEGG	0.0	0.0024183796856106408	-0.0	-0.0		827	83	2	121
eco01053	Biosynthesis of siderophore group nonribosomal peptides - Escherichia coli K-12 MG1655	0/83	5/827	0.0	1.0	1.0		0		KEGG	0.0	0.006045949214026602	-0.0	-0.0		827	83	5	121
eco01200	Carbon metabolism - Escherichia coli K-12 MG1655	0/83	32/827	0.0	1.0	1.0		0		KEGG	0.0	0.03869407496977025	-0.0	-0.0		827	83	32	121
eco01210	2-Oxocarboxylic acid metabolism - Escherichia coli K-12 MG1655	0/83	12/827	0.0	1.0	1.0		0		KEGG	0.0	0.014510278113663845	-0.0	-0.0		827	83	12	121
eco01220	Degradation of aromatic compounds - Escherichia coli K-12 MG1655	0/83	7/827	0.0	1.0	1.0		0		KEGG	0.0	0.008464328899637243	-0.0	-0.0		827	83	7	121
eco01320	Sulfur cycle - Escherichia coli K-12 MG1655	0/83	6/827	0.0	1.0	1.0		0		KEGG	0.0	0.007255139056831923	-0.0	-0.0		827	83	6	121
eco01502	Vancomycin resistance - Escherichia coli K-12 MG1655	0/83	5/827	0.0	1.0	1.0		0		KEGG	0.0	0.006045949214026602	-0.0	-0.0		827	83	5	121
eco03018	RNA degradation - Escherichia coli K-12 MG1655	0/83	5/827	0.0	1.0	1.0		0		KEGG	0.0	0.006045949214026602	-0.0	-0.0		827	83	5	121
eco03060	Protein export - Escherichia coli K-12 MG1655	0/83	14/827	0.0	1.0	1.0		0		KEGG	0.0	0.016928657799274487	-0.0	-0.0		827	83	14	121
eco03070	Bacterial secretion system - Escherichia coli K-12 MG1655	0/83	17/827	0.0	1.0	1.0		0		KEGG	0.0	0.020556227327690448	-0.0	-0.0		827	83	17	121
eco03410	Base excision repair - Escherichia coli K-12 MG1655	0/83	8/827	0.0	1.0	1.0		0		KEGG	0.0	0.009673518742442563	-0.0	-0.0		827	83	8	121
eco03420	Nucleotide excision repair - Escherichia coli K-12 MG1655	0/83	4/827	0.0	1.0	1.0		0		KEGG	0.0	0.0048367593712212815	-0.0	-0.0		827	83	4	121
eco04122	Sulfur relay system - Escherichia coli K-12 MG1655	0/83	5/827	0.0	1.0	1.0		0		KEGG	0.0	0.006045949214026602	-0.0	-0.0		827	83	5	121
