gene_id	is_DEG_foreground	direction
C600_DK885_RS00005	0	
C600_DK885_RS00045	0	
C600_DK885_RS00060	0	
C600_DK885_RS00065	0	
C600_DK885_RS00070	0	
C600_DK885_RS00075	0	
C600_DK885_RS00080	0	
C600_DK885_RS00090	0	
C600_DK885_RS00100	0	
C600_DK885_RS00110	0	
C600_DK885_RS00115	0	
C600_DK885_RS00120	0	
C600_DK885_RS00125	0	
C600_DK885_RS00140	0	
C600_DK885_RS00160	0	
C600_DK885_RS00180	0	
C600_DK885_RS00185	0	
C600_DK885_RS00210	1	down
C600_DK885_RS00215	1	down
C600_DK885_RS00220	0	
C600_DK885_RS00225	0	
C600_DK885_RS00250	0	
C600_DK885_RS00260	0	
C600_DK885_RS00275	0	
C600_DK885_RS00285	0	
C600_DK885_RS00290	1	up
C600_DK885_RS00295	0	
C600_DK885_RS00320	0	
C600_DK885_RS00385	0	
C600_DK885_RS00390	0	
C600_DK885_RS00395	0	
C600_DK885_RS00415	1	up
C600_DK885_RS00420	1	up
C600_DK885_RS00475	0	
C600_DK885_RS00480	0	
C600_DK885_RS00495	0	
C600_DK885_RS00500	0	
C600_DK885_RS00505	0	
C600_DK885_RS00510	0	
C600_DK885_RS00515	0	
C600_DK885_RS00520	0	
C600_DK885_RS00525	0	
C600_DK885_RS00535	0	
C600_DK885_RS00540	0	
C600_DK885_RS00555	0	
C600_DK885_RS00560	0	
C600_DK885_RS00565	0	
C600_DK885_RS00570	0	
C600_DK885_RS00575	0	
C600_DK885_RS00580	0	
C600_DK885_RS00585	0	
C600_DK885_RS00590	0	
C600_DK885_RS00595	0	
C600_DK885_RS00600	0	
C600_DK885_RS00610	0	
C600_DK885_RS00615	0	
C600_DK885_RS00620	1	down
C600_DK885_RS00625	1	down
C600_DK885_RS00640	0	
C600_DK885_RS00660	0	
C600_DK885_RS00665	0	
C600_DK885_RS00670	0	
C600_DK885_RS00680	0	
C600_DK885_RS00685	0	
C600_DK885_RS00695	0	
C600_DK885_RS00705	0	
C600_DK885_RS00720	0	
C600_DK885_RS00725	0	
C600_DK885_RS00730	0	
C600_DK885_RS00735	0	
C600_DK885_RS00745	0	
C600_DK885_RS00770	1	up
C600_DK885_RS00775	0	
C600_DK885_RS00780	0	
C600_DK885_RS00785	1	up
C600_DK885_RS00795	0	
C600_DK885_RS00825	1	up
C600_DK885_RS00840	0	
C600_DK885_RS00845	0	
C600_DK885_RS00875	0	
C600_DK885_RS00895	0	
C600_DK885_RS00910	0	
C600_DK885_RS00940	0	
C600_DK885_RS00950	0	
C600_DK885_RS00955	0	
C600_DK885_RS00980	1	up
C600_DK885_RS00985	1	up
C600_DK885_RS00990	0	
C600_DK885_RS01005	1	up
C600_DK885_RS01020	0	
C600_DK885_RS01045	0	
C600_DK885_RS01070	0	
C600_DK885_RS01110	0	
C600_DK885_RS01115	0	
C600_DK885_RS01120	0	
C600_DK885_RS01125	1	down
C600_DK885_RS01130	1	down
C600_DK885_RS01135	0	
C600_DK885_RS01170	0	
C600_DK885_RS01180	0	
C600_DK885_RS01190	0	
C600_DK885_RS01195	0	
C600_DK885_RS01210	1	up
C600_DK885_RS01215	0	
C600_DK885_RS01220	0	
C600_DK885_RS01255	0	
C600_DK885_RS01260	0	
C600_DK885_RS01270	1	up
C600_DK885_RS01290	0	
C600_DK885_RS01305	1	down
C600_DK885_RS01315	0	
C600_DK885_RS01330	0	
C600_DK885_RS01365	0	
C600_DK885_RS01385	0	
C600_DK885_RS01390	0	
C600_DK885_RS01395	0	
C600_DK885_RS01405	0	
C600_DK885_RS01425	0	
C600_DK885_RS01470	0	
C600_DK885_RS01485	0	
C600_DK885_RS01490	0	
C600_DK885_RS01515	0	
C600_DK885_RS01540	0	
C600_DK885_RS01545	0	
C600_DK885_RS01570	0	
C600_DK885_RS01575	0	
C600_DK885_RS01580	0	
C600_DK885_RS01585	0	
C600_DK885_RS01590	0	
C600_DK885_RS01595	0	
C600_DK885_RS01600	0	
C600_DK885_RS01605	1	up
C600_DK885_RS01630	0	
C600_DK885_RS01645	0	
C600_DK885_RS01650	0	
C600_DK885_RS01660	0	
C600_DK885_RS01710	0	
C600_DK885_RS01715	0	
C600_DK885_RS01730	0	
C600_DK885_RS01735	0	
C600_DK885_RS01740	0	
C600_DK885_RS01745	0	
C600_DK885_RS01750	0	
C600_DK885_RS01755	0	
C600_DK885_RS01765	0	
C600_DK885_RS01770	0	
C600_DK885_RS01775	0	
C600_DK885_RS01790	0	
C600_DK885_RS01795	0	
C600_DK885_RS01805	0	
C600_DK885_RS01810	0	
C600_DK885_RS01820	0	
C600_DK885_RS01825	0	
C600_DK885_RS01830	0	
C600_DK885_RS01865	0	
C600_DK885_RS01870	0	
C600_DK885_RS01880	0	
C600_DK885_RS01890	0	
C600_DK885_RS01905	0	
C600_DK885_RS01910	0	
C600_DK885_RS01930	0	
C600_DK885_RS01960	0	
C600_DK885_RS01965	0	
C600_DK885_RS01970	0	
C600_DK885_RS01980	0	
C600_DK885_RS01985	0	
C600_DK885_RS01990	0	
C600_DK885_RS02015	0	
C600_DK885_RS02035	0	
C600_DK885_RS02045	0	
C600_DK885_RS02060	0	
C600_DK885_RS02075	0	
C600_DK885_RS02085	1	up
C600_DK885_RS02090	0	
C600_DK885_RS02100	0	
C600_DK885_RS02115	0	
C600_DK885_RS02120	0	
C600_DK885_RS02145	0	
C600_DK885_RS02170	0	
C600_DK885_RS02195	0	
C600_DK885_RS02205	0	
C600_DK885_RS02210	0	
C600_DK885_RS02215	0	
C600_DK885_RS02245	0	
C600_DK885_RS02255	0	
C600_DK885_RS02270	0	
C600_DK885_RS02305	0	
C600_DK885_RS02310	0	
C600_DK885_RS02330	0	
C600_DK885_RS02335	0	
C600_DK885_RS02340	0	
C600_DK885_RS02345	0	
C600_DK885_RS02350	0	
C600_DK885_RS02355	0	
C600_DK885_RS02360	0	
C600_DK885_RS02365	0	
C600_DK885_RS02370	0	
C600_DK885_RS02375	0	
C600_DK885_RS02380	0	
C600_DK885_RS02385	0	
C600_DK885_RS02390	0	
C600_DK885_RS02395	0	
C600_DK885_RS02400	0	
C600_DK885_RS02405	0	
C600_DK885_RS02410	0	
C600_DK885_RS02415	0	
C600_DK885_RS02420	0	
C600_DK885_RS02425	0	
C600_DK885_RS02430	0	
C600_DK885_RS02435	0	
C600_DK885_RS02445	0	
C600_DK885_RS02450	0	
C600_DK885_RS02460	0	
C600_DK885_RS02465	0	
C600_DK885_RS02475	0	
C600_DK885_RS02480	0	
C600_DK885_RS02495	0	
C600_DK885_RS02505	0	
C600_DK885_RS02510	0	
C600_DK885_RS02520	0	
C600_DK885_RS02525	0	
C600_DK885_RS02530	0	
C600_DK885_RS02545	0	
C600_DK885_RS02590	0	
C600_DK885_RS02620	0	
C600_DK885_RS02665	0	
C600_DK885_RS02675	0	
C600_DK885_RS02680	0	
C600_DK885_RS02710	0	
C600_DK885_RS02715	0	
C600_DK885_RS02720	0	
C600_DK885_RS02725	0	
C600_DK885_RS02730	0	
C600_DK885_RS02740	0	
C600_DK885_RS02770	0	
C600_DK885_RS02775	0	
C600_DK885_RS02780	0	
C600_DK885_RS02785	0	
C600_DK885_RS02790	0	
C600_DK885_RS02800	0	
C600_DK885_RS02805	0	
C600_DK885_RS02810	0	
C600_DK885_RS02820	0	
C600_DK885_RS02825	0	
C600_DK885_RS02840	0	
C600_DK885_RS02845	1	down
C600_DK885_RS02850	1	down
C600_DK885_RS02855	1	down
C600_DK885_RS02860	1	down
C600_DK885_RS02865	1	down
C600_DK885_RS02895	0	
C600_DK885_RS02940	0	
C600_DK885_RS02960	0	
C600_DK885_RS02970	0	
C600_DK885_RS02980	0	
C600_DK885_RS02985	0	
C600_DK885_RS02990	0	
C600_DK885_RS02995	0	
C600_DK885_RS03000	0	
C600_DK885_RS03005	0	
C600_DK885_RS03010	0	
C600_DK885_RS03015	0	
C600_DK885_RS03020	0	
C600_DK885_RS03035	0	
C600_DK885_RS03040	0	
C600_DK885_RS03045	0	
C600_DK885_RS03055	0	
C600_DK885_RS03065	0	
C600_DK885_RS03070	0	
C600_DK885_RS03075	0	
C600_DK885_RS03085	0	
C600_DK885_RS03095	1	down
C600_DK885_RS03115	0	
C600_DK885_RS03120	0	
C600_DK885_RS03125	0	
C600_DK885_RS03140	0	
C600_DK885_RS03150	0	
C600_DK885_RS03155	0	
C600_DK885_RS03165	0	
C600_DK885_RS03170	0	
C600_DK885_RS03175	0	
C600_DK885_RS03180	0	
C600_DK885_RS03195	0	
C600_DK885_RS03210	0	
C600_DK885_RS03215	0	
C600_DK885_RS03220	0	
C600_DK885_RS03240	0	
C600_DK885_RS03260	0	
C600_DK885_RS03270	0	
C600_DK885_RS03280	0	
C600_DK885_RS03285	0	
C600_DK885_RS03295	0	
C600_DK885_RS03305	0	
C600_DK885_RS03340	0	
C600_DK885_RS03345	0	
C600_DK885_RS03365	0	
C600_DK885_RS03370	1	down
C600_DK885_RS03380	0	
C600_DK885_RS03385	0	
C600_DK885_RS03390	0	
C600_DK885_RS03425	1	down
C600_DK885_RS03435	1	down
C600_DK885_RS03440	1	down
C600_DK885_RS03450	1	down
C600_DK885_RS03465	0	
C600_DK885_RS03475	0	
C600_DK885_RS03530	0	
C600_DK885_RS03550	1	down
C600_DK885_RS03565	1	up
C600_DK885_RS03605	0	
C600_DK885_RS03615	0	
C600_DK885_RS03630	0	
C600_DK885_RS03635	0	
C600_DK885_RS03640	0	
C600_DK885_RS03665	0	
C600_DK885_RS03685	0	
C600_DK885_RS03690	1	up
C600_DK885_RS03705	1	down
C600_DK885_RS03715	0	
C600_DK885_RS03745	0	
C600_DK885_RS03750	0	
C600_DK885_RS03755	0	
C600_DK885_RS03760	0	
C600_DK885_RS03780	0	
C600_DK885_RS03785	0	
C600_DK885_RS03815	0	
C600_DK885_RS03820	0	
C600_DK885_RS03830	1	up
C600_DK885_RS03850	0	
C600_DK885_RS03855	0	
C600_DK885_RS03860	0	
C600_DK885_RS03870	0	
C600_DK885_RS03920	0	
C600_DK885_RS03950	0	
C600_DK885_RS03955	0	
C600_DK885_RS03960	0	
C600_DK885_RS03965	0	
C600_DK885_RS03980	1	up
C600_DK885_RS03985	0	
C600_DK885_RS03990	0	
C600_DK885_RS03995	0	
C600_DK885_RS04015	0	
C600_DK885_RS04045	0	
C600_DK885_RS04050	0	
C600_DK885_RS04105	0	
C600_DK885_RS04110	0	
C600_DK885_RS04115	0	
C600_DK885_RS04120	0	
C600_DK885_RS04125	0	
C600_DK885_RS04130	0	
C600_DK885_RS04140	0	
C600_DK885_RS04200	0	
C600_DK885_RS04215	0	
C600_DK885_RS04220	0	
C600_DK885_RS04240	0	
C600_DK885_RS04260	1	up
C600_DK885_RS04270	0	
C600_DK885_RS04280	0	
C600_DK885_RS04305	0	
C600_DK885_RS04315	0	
C600_DK885_RS04320	0	
C600_DK885_RS04345	0	
C600_DK885_RS04360	0	
C600_DK885_RS04380	0	
C600_DK885_RS04400	0	
C600_DK885_RS04405	0	
C600_DK885_RS04410	0	
C600_DK885_RS04425	0	
C600_DK885_RS04435	0	
C600_DK885_RS04445	0	
C600_DK885_RS04455	0	
C600_DK885_RS04460	0	
C600_DK885_RS04465	0	
C600_DK885_RS04485	0	
C600_DK885_RS04495	0	
C600_DK885_RS04525	0	
C600_DK885_RS04530	0	
C600_DK885_RS04550	0	
C600_DK885_RS04565	0	
C600_DK885_RS04570	0	
C600_DK885_RS04575	0	
C600_DK885_RS04580	0	
C600_DK885_RS04585	0	
C600_DK885_RS04590	0	
C600_DK885_RS04600	0	
C600_DK885_RS04610	0	
C600_DK885_RS04615	0	
C600_DK885_RS04620	0	
C600_DK885_RS04635	0	
C600_DK885_RS04645	0	
C600_DK885_RS04655	0	
C600_DK885_RS04660	1	up
C600_DK885_RS04690	1	up
C600_DK885_RS04695	1	up
C600_DK885_RS04730	1	up
C600_DK885_RS04740	0	
C600_DK885_RS04745	0	
C600_DK885_RS04750	0	
C600_DK885_RS04760	0	
C600_DK885_RS04765	1	up
C600_DK885_RS04790	0	
C600_DK885_RS04800	0	
C600_DK885_RS04880	0	
C600_DK885_RS04885	0	
C600_DK885_RS04890	0	
C600_DK885_RS04895	0	
C600_DK885_RS04900	0	
C600_DK885_RS04915	0	
C600_DK885_RS04920	0	
C600_DK885_RS04925	0	
C600_DK885_RS04930	0	
C600_DK885_RS04935	0	
C600_DK885_RS04960	0	
C600_DK885_RS04970	0	
C600_DK885_RS04975	0	
C600_DK885_RS04980	0	
C600_DK885_RS05005	0	
C600_DK885_RS05010	0	
C600_DK885_RS05015	0	
C600_DK885_RS05020	0	
C600_DK885_RS05025	0	
C600_DK885_RS05035	0	
C600_DK885_RS05060	0	
C600_DK885_RS05070	0	
C600_DK885_RS05075	0	
C600_DK885_RS05095	0	
C600_DK885_RS05105	0	
C600_DK885_RS05110	0	
C600_DK885_RS05115	0	
C600_DK885_RS05125	0	
C600_DK885_RS05135	0	
C600_DK885_RS05140	0	
C600_DK885_RS05155	0	
C600_DK885_RS05165	0	
C600_DK885_RS05170	0	
C600_DK885_RS05185	0	
C600_DK885_RS05190	0	
C600_DK885_RS05205	0	
C600_DK885_RS05225	0	
C600_DK885_RS05230	0	
C600_DK885_RS05245	0	
C600_DK885_RS05250	0	
C600_DK885_RS05285	0	
C600_DK885_RS05305	0	
C600_DK885_RS05310	0	
C600_DK885_RS05315	0	
C600_DK885_RS05325	1	up
C600_DK885_RS05330	0	
C600_DK885_RS05335	0	
C600_DK885_RS05340	0	
C600_DK885_RS05345	0	
C600_DK885_RS05350	0	
C600_DK885_RS05355	0	
C600_DK885_RS05360	0	
C600_DK885_RS05365	1	up
C600_DK885_RS05370	0	
C600_DK885_RS05375	0	
C600_DK885_RS05390	0	
C600_DK885_RS05395	0	
C600_DK885_RS05400	0	
C600_DK885_RS05405	0	
C600_DK885_RS05415	0	
C600_DK885_RS05440	0	
C600_DK885_RS05445	0	
C600_DK885_RS05450	0	
C600_DK885_RS05465	0	
C600_DK885_RS05475	0	
C600_DK885_RS05490	0	
C600_DK885_RS05495	0	
C600_DK885_RS05500	0	
C600_DK885_RS05515	1	down
C600_DK885_RS05525	1	down
C600_DK885_RS05550	0	
C600_DK885_RS05555	0	
C600_DK885_RS05570	0	
C600_DK885_RS05585	0	
C600_DK885_RS05590	0	
C600_DK885_RS05600	0	
C600_DK885_RS05610	1	down
C600_DK885_RS05615	1	down
C600_DK885_RS05620	1	down
C600_DK885_RS05635	0	
C600_DK885_RS05640	0	
C600_DK885_RS05645	0	
C600_DK885_RS05650	0	
C600_DK885_RS05690	0	
C600_DK885_RS05695	0	
C600_DK885_RS05705	0	
C600_DK885_RS05735	0	
C600_DK885_RS05740	0	
C600_DK885_RS05750	0	
C600_DK885_RS05755	0	
C600_DK885_RS05785	0	
C600_DK885_RS05805	0	
C600_DK885_RS05820	0	
C600_DK885_RS05825	0	
C600_DK885_RS05830	0	
C600_DK885_RS05835	0	
C600_DK885_RS05955	0	
C600_DK885_RS06000	0	
C600_DK885_RS06010	0	
C600_DK885_RS06025	0	
C600_DK885_RS06030	1	up
C600_DK885_RS06035	0	
C600_DK885_RS06045	0	
C600_DK885_RS06060	0	
C600_DK885_RS06065	1	down
C600_DK885_RS06070	0	
C600_DK885_RS06080	0	
C600_DK885_RS06090	1	up
C600_DK885_RS06095	0	
C600_DK885_RS06105	0	
C600_DK885_RS06110	0	
C600_DK885_RS06115	0	
C600_DK885_RS06125	1	down
C600_DK885_RS06135	0	
C600_DK885_RS06140	0	
C600_DK885_RS06150	0	
C600_DK885_RS06190	0	
C600_DK885_RS06200	0	
C600_DK885_RS06215	0	
C600_DK885_RS06220	0	
C600_DK885_RS06230	0	
C600_DK885_RS06240	0	
C600_DK885_RS06250	0	
C600_DK885_RS06255	1	down
C600_DK885_RS06275	0	
C600_DK885_RS06280	0	
C600_DK885_RS06290	0	
C600_DK885_RS06295	0	
C600_DK885_RS06300	0	
C600_DK885_RS06305	0	
C600_DK885_RS06310	1	up
C600_DK885_RS06335	0	
C600_DK885_RS06345	0	
C600_DK885_RS06350	0	
C600_DK885_RS06360	0	
C600_DK885_RS06375	0	
C600_DK885_RS06380	0	
C600_DK885_RS06385	0	
C600_DK885_RS06390	0	
C600_DK885_RS06425	0	
C600_DK885_RS06435	0	
C600_DK885_RS06440	0	
C600_DK885_RS06450	0	
C600_DK885_RS06455	0	
C600_DK885_RS06470	0	
C600_DK885_RS06480	0	
C600_DK885_RS06485	0	
C600_DK885_RS06495	0	
C600_DK885_RS06500	0	
C600_DK885_RS06505	0	
C600_DK885_RS06510	1	down
C600_DK885_RS06515	1	down
C600_DK885_RS06520	0	
C600_DK885_RS06525	0	
C600_DK885_RS06530	0	
C600_DK885_RS06555	0	
C600_DK885_RS06560	0	
C600_DK885_RS06570	0	
C600_DK885_RS06575	0	
C600_DK885_RS06580	0	
C600_DK885_RS06590	0	
C600_DK885_RS06595	0	
C600_DK885_RS06600	0	
C600_DK885_RS06605	0	
C600_DK885_RS06610	0	
C600_DK885_RS06615	0	
C600_DK885_RS06620	0	
C600_DK885_RS06650	0	
C600_DK885_RS06655	0	
C600_DK885_RS06660	0	
C600_DK885_RS06665	0	
C600_DK885_RS06675	0	
C600_DK885_RS06695	0	
C600_DK885_RS06715	0	
C600_DK885_RS06735	0	
C600_DK885_RS06750	0	
C600_DK885_RS06760	0	
C600_DK885_RS06775	0	
C600_DK885_RS06780	0	
C600_DK885_RS06790	0	
C600_DK885_RS06800	0	
C600_DK885_RS06815	0	
C600_DK885_RS06830	0	
C600_DK885_RS06860	0	
C600_DK885_RS06865	0	
C600_DK885_RS06885	0	
C600_DK885_RS06925	0	
C600_DK885_RS06930	0	
C600_DK885_RS06935	0	
C600_DK885_RS06955	0	
C600_DK885_RS06960	0	
C600_DK885_RS06985	0	
C600_DK885_RS06990	0	
C600_DK885_RS06995	0	
C600_DK885_RS07000	0	
C600_DK885_RS07015	0	
C600_DK885_RS07035	0	
C600_DK885_RS07050	0	
C600_DK885_RS07055	0	
C600_DK885_RS07060	0	
C600_DK885_RS07065	0	
C600_DK885_RS07070	0	
C600_DK885_RS07075	0	
C600_DK885_RS07080	0	
C600_DK885_RS07085	0	
C600_DK885_RS07155	0	
C600_DK885_RS07210	0	
C600_DK885_RS07220	0	
C600_DK885_RS07225	0	
C600_DK885_RS07230	0	
C600_DK885_RS07235	0	
C600_DK885_RS07245	0	
C600_DK885_RS07250	0	
C600_DK885_RS07255	0	
C600_DK885_RS07265	0	
C600_DK885_RS07295	0	
C600_DK885_RS07315	0	
C600_DK885_RS07330	0	
C600_DK885_RS07345	1	down
C600_DK885_RS07395	0	
C600_DK885_RS07425	0	
C600_DK885_RS07460	0	
C600_DK885_RS07475	0	
C600_DK885_RS07480	0	
C600_DK885_RS07485	0	
C600_DK885_RS07490	0	
C600_DK885_RS07530	0	
C600_DK885_RS07535	0	
C600_DK885_RS07540	0	
C600_DK885_RS07560	0	
C600_DK885_RS07565	0	
C600_DK885_RS07580	0	
C600_DK885_RS07585	0	
C600_DK885_RS07590	0	
C600_DK885_RS07595	0	
C600_DK885_RS07605	0	
C600_DK885_RS07610	0	
C600_DK885_RS07615	0	
C600_DK885_RS07620	0	
C600_DK885_RS07625	0	
C600_DK885_RS07635	0	
C600_DK885_RS07640	0	
C600_DK885_RS07645	0	
C600_DK885_RS07650	1	up
C600_DK885_RS07670	0	
C600_DK885_RS07705	0	
C600_DK885_RS07715	0	
C600_DK885_RS07725	0	
C600_DK885_RS07735	0	
C600_DK885_RS07760	0	
C600_DK885_RS07775	0	
C600_DK885_RS07795	0	
C600_DK885_RS07800	0	
C600_DK885_RS07805	0	
C600_DK885_RS07810	1	up
C600_DK885_RS07865	0	
C600_DK885_RS07870	0	
C600_DK885_RS07875	0	
C600_DK885_RS07880	0	
C600_DK885_RS07885	0	
C600_DK885_RS07890	1	down
C600_DK885_RS07900	0	
C600_DK885_RS07910	1	up
C600_DK885_RS07915	0	
C600_DK885_RS07920	1	up
C600_DK885_RS07925	1	up
C600_DK885_RS07935	0	
C600_DK885_RS07950	0	
C600_DK885_RS07960	0	
C600_DK885_RS07980	0	
C600_DK885_RS07985	0	
C600_DK885_RS07990	0	
C600_DK885_RS07995	0	
C600_DK885_RS08005	0	
C600_DK885_RS08015	0	
C600_DK885_RS08025	0	
C600_DK885_RS08030	0	
C600_DK885_RS08045	0	
C600_DK885_RS08050	0	
C600_DK885_RS08085	0	
C600_DK885_RS08105	0	
C600_DK885_RS08110	0	
C600_DK885_RS08115	0	
C600_DK885_RS08120	0	
C600_DK885_RS08125	0	
C600_DK885_RS08140	0	
C600_DK885_RS08145	0	
C600_DK885_RS08150	0	
C600_DK885_RS08155	0	
C600_DK885_RS08160	1	up
C600_DK885_RS08165	0	
C600_DK885_RS08190	0	
C600_DK885_RS08205	0	
C600_DK885_RS08210	0	
C600_DK885_RS08220	0	
C600_DK885_RS08225	0	
C600_DK885_RS08235	0	
C600_DK885_RS08240	0	
C600_DK885_RS08245	0	
C600_DK885_RS08255	0	
C600_DK885_RS08310	0	
C600_DK885_RS08315	0	
C600_DK885_RS08325	0	
C600_DK885_RS08330	0	
C600_DK885_RS08345	0	
C600_DK885_RS08350	1	up
C600_DK885_RS08355	1	up
C600_DK885_RS08360	0	
C600_DK885_RS08375	0	
C600_DK885_RS08385	0	
C600_DK885_RS08405	1	up
C600_DK885_RS08415	1	up
C600_DK885_RS08425	0	
C600_DK885_RS08450	0	
C600_DK885_RS08455	0	
C600_DK885_RS08475	0	
C600_DK885_RS08485	0	
C600_DK885_RS08490	0	
C600_DK885_RS08505	0	
C600_DK885_RS08520	0	
C600_DK885_RS08525	0	
C600_DK885_RS08535	0	
C600_DK885_RS08540	0	
C600_DK885_RS08555	0	
C600_DK885_RS08615	0	
C600_DK885_RS08620	0	
C600_DK885_RS08635	0	
C600_DK885_RS08645	0	
C600_DK885_RS08655	0	
C600_DK885_RS08660	0	
C600_DK885_RS08665	0	
C600_DK885_RS08725	0	
C600_DK885_RS08730	0	
C600_DK885_RS08745	0	
C600_DK885_RS08755	0	
C600_DK885_RS08765	0	
C600_DK885_RS08770	0	
C600_DK885_RS08775	0	
C600_DK885_RS08780	0	
C600_DK885_RS08785	0	
C600_DK885_RS08790	0	
C600_DK885_RS08800	0	
C600_DK885_RS08820	0	
C600_DK885_RS08850	0	
C600_DK885_RS08880	0	
C600_DK885_RS08905	0	
C600_DK885_RS08910	0	
C600_DK885_RS08915	0	
C600_DK885_RS08970	0	
C600_DK885_RS08985	0	
C600_DK885_RS08995	0	
C600_DK885_RS09000	0	
C600_DK885_RS09005	0	
C600_DK885_RS09080	0	
C600_DK885_RS09115	0	
C600_DK885_RS09125	0	
C600_DK885_RS09135	0	
C600_DK885_RS09140	0	
C600_DK885_RS09195	0	
C600_DK885_RS09200	0	
C600_DK885_RS09205	0	
C600_DK885_RS09210	0	
C600_DK885_RS09215	0	
C600_DK885_RS09220	0	
C600_DK885_RS09225	0	
C600_DK885_RS09230	0	
C600_DK885_RS09235	0	
C600_DK885_RS09240	0	
C600_DK885_RS09245	0	
C600_DK885_RS09260	0	
C600_DK885_RS09265	0	
C600_DK885_RS09300	0	
C600_DK885_RS09305	0	
C600_DK885_RS09310	0	
C600_DK885_RS09410	0	
C600_DK885_RS09425	0	
C600_DK885_RS09430	0	
C600_DK885_RS09435	0	
C600_DK885_RS09480	1	down
C600_DK885_RS09485	0	
C600_DK885_RS09510	0	
C600_DK885_RS09525	0	
C600_DK885_RS09535	0	
C600_DK885_RS09545	0	
C600_DK885_RS09560	1	up
C600_DK885_RS09585	0	
C600_DK885_RS09590	0	
C600_DK885_RS09615	0	
C600_DK885_RS09620	0	
C600_DK885_RS09625	0	
C600_DK885_RS09635	0	
C600_DK885_RS09665	0	
C600_DK885_RS09685	0	
C600_DK885_RS09695	0	
C600_DK885_RS09700	0	
C600_DK885_RS09735	0	
C600_DK885_RS09760	0	
C600_DK885_RS09775	0	
C600_DK885_RS09790	0	
C600_DK885_RS09805	0	
C600_DK885_RS09810	0	
C600_DK885_RS09820	0	
C600_DK885_RS09830	0	
C600_DK885_RS09835	0	
C600_DK885_RS09840	0	
C600_DK885_RS09875	0	
C600_DK885_RS09895	0	
C600_DK885_RS09905	0	
C600_DK885_RS09910	0	
C600_DK885_RS09920	0	
C600_DK885_RS09925	0	
C600_DK885_RS09935	0	
C600_DK885_RS09940	0	
C600_DK885_RS09945	0	
C600_DK885_RS09955	1	up
C600_DK885_RS09960	0	
C600_DK885_RS09965	1	up
C600_DK885_RS09970	0	
C600_DK885_RS09975	0	
C600_DK885_RS09980	0	
C600_DK885_RS09985	0	
C600_DK885_RS09990	0	
C600_DK885_RS09995	0	
C600_DK885_RS10000	0	
C600_DK885_RS10015	0	
C600_DK885_RS10035	0	
C600_DK885_RS10045	0	
C600_DK885_RS10050	0	
C600_DK885_RS10070	0	
C600_DK885_RS10080	0	
C600_DK885_RS10085	0	
C600_DK885_RS10100	0	
C600_DK885_RS10105	0	
C600_DK885_RS10110	0	
C600_DK885_RS10130	0	
C600_DK885_RS10140	0	
C600_DK885_RS10145	0	
C600_DK885_RS10150	0	
C600_DK885_RS10160	0	
C600_DK885_RS10165	0	
C600_DK885_RS10180	0	
C600_DK885_RS10190	0	
C600_DK885_RS10195	0	
C600_DK885_RS10200	0	
C600_DK885_RS10205	0	
C600_DK885_RS10250	0	
C600_DK885_RS10255	0	
C600_DK885_RS10260	0	
C600_DK885_RS10270	0	
C600_DK885_RS10305	0	
C600_DK885_RS10325	0	
C600_DK885_RS10330	0	
C600_DK885_RS10335	0	
C600_DK885_RS10360	0	
C600_DK885_RS10365	0	
C600_DK885_RS10390	0	
C600_DK885_RS10395	0	
C600_DK885_RS10410	0	
C600_DK885_RS10415	0	
C600_DK885_RS10420	0	
C600_DK885_RS10440	0	
C600_DK885_RS10525	0	
C600_DK885_RS10540	0	
C600_DK885_RS10545	0	
C600_DK885_RS10550	1	up
C600_DK885_RS10575	0	
C600_DK885_RS10580	0	
C600_DK885_RS10600	0	
C600_DK885_RS10605	0	
C600_DK885_RS10610	0	
C600_DK885_RS10630	0	
C600_DK885_RS10635	0	
C600_DK885_RS10645	0	
C600_DK885_RS10660	0	
C600_DK885_RS10675	0	
C600_DK885_RS10705	0	
C600_DK885_RS10715	0	
C600_DK885_RS10725	0	
C600_DK885_RS10730	0	
C600_DK885_RS10735	0	
C600_DK885_RS10755	1	down
C600_DK885_RS10770	0	
C600_DK885_RS10775	0	
C600_DK885_RS10780	0	
C600_DK885_RS10790	0	
C600_DK885_RS10795	0	
C600_DK885_RS10800	0	
C600_DK885_RS10805	0	
C600_DK885_RS10835	0	
C600_DK885_RS10845	0	
C600_DK885_RS10870	0	
C600_DK885_RS10880	0	
C600_DK885_RS10885	0	
C600_DK885_RS10895	0	
C600_DK885_RS10900	0	
C600_DK885_RS10905	0	
C600_DK885_RS10910	0	
C600_DK885_RS10915	0	
C600_DK885_RS10925	0	
C600_DK885_RS10930	0	
C600_DK885_RS10945	0	
C600_DK885_RS10950	0	
C600_DK885_RS10960	0	
C600_DK885_RS11010	0	
C600_DK885_RS11015	0	
C600_DK885_RS11055	0	
C600_DK885_RS11065	0	
C600_DK885_RS11070	1	up
C600_DK885_RS11080	1	up
C600_DK885_RS11085	1	up
C600_DK885_RS11090	0	
C600_DK885_RS11095	0	
C600_DK885_RS11100	0	
C600_DK885_RS11135	0	
C600_DK885_RS11170	1	up
C600_DK885_RS11175	0	
C600_DK885_RS11180	0	
C600_DK885_RS11185	0	
C600_DK885_RS11195	0	
C600_DK885_RS11235	0	
C600_DK885_RS11265	0	
C600_DK885_RS11295	0	
C600_DK885_RS11305	0	
C600_DK885_RS11310	0	
C600_DK885_RS11325	0	
C600_DK885_RS11335	0	
C600_DK885_RS11340	0	
C600_DK885_RS11350	0	
C600_DK885_RS11365	0	
C600_DK885_RS11375	0	
C600_DK885_RS11395	0	
C600_DK885_RS11400	0	
C600_DK885_RS11405	0	
C600_DK885_RS11410	0	
C600_DK885_RS11425	0	
C600_DK885_RS11430	0	
C600_DK885_RS11445	0	
C600_DK885_RS11450	0	
C600_DK885_RS11455	1	up
C600_DK885_RS11460	0	
C600_DK885_RS11470	0	
C600_DK885_RS11485	0	
C600_DK885_RS11500	0	
C600_DK885_RS11520	0	
C600_DK885_RS11525	0	
C600_DK885_RS11530	1	up
C600_DK885_RS11565	0	
C600_DK885_RS11575	0	
C600_DK885_RS11580	0	
C600_DK885_RS11720	0	
C600_DK885_RS11750	1	down
C600_DK885_RS11835	0	
C600_DK885_RS11840	0	
C600_DK885_RS11850	0	
C600_DK885_RS11870	0	
C600_DK885_RS11880	0	
C600_DK885_RS11945	0	
C600_DK885_RS11980	0	
C600_DK885_RS12010	0	
C600_DK885_RS12020	1	up
C600_DK885_RS12040	0	
C600_DK885_RS12110	0	
C600_DK885_RS12115	0	
C600_DK885_RS12120	1	up
C600_DK885_RS12145	0	
C600_DK885_RS12155	0	
C600_DK885_RS12160	0	
C600_DK885_RS12165	0	
C600_DK885_RS12170	0	
C600_DK885_RS12205	0	
C600_DK885_RS12235	0	
C600_DK885_RS12240	1	up
C600_DK885_RS12245	0	
C600_DK885_RS12250	0	
C600_DK885_RS12255	0	
C600_DK885_RS12260	0	
C600_DK885_RS12275	0	
C600_DK885_RS12315	0	
C600_DK885_RS12385	0	
C600_DK885_RS12390	0	
C600_DK885_RS12395	0	
C600_DK885_RS12405	0	
C600_DK885_RS12430	0	
C600_DK885_RS12460	0	
C600_DK885_RS12465	0	
C600_DK885_RS12470	0	
C600_DK885_RS12510	0	
C600_DK885_RS12525	0	
C600_DK885_RS12565	0	
C600_DK885_RS12570	0	
C600_DK885_RS12630	0	
C600_DK885_RS12635	0	
C600_DK885_RS12640	0	
C600_DK885_RS12695	0	
C600_DK885_RS12730	0	
C600_DK885_RS12740	0	
C600_DK885_RS12750	0	
C600_DK885_RS12755	0	
C600_DK885_RS12760	0	
C600_DK885_RS12765	0	
C600_DK885_RS12785	0	
C600_DK885_RS12905	0	
C600_DK885_RS12925	0	
C600_DK885_RS12930	0	
C600_DK885_RS12935	0	
C600_DK885_RS12970	0	
C600_DK885_RS12975	0	
C600_DK885_RS12985	0	
C600_DK885_RS12990	0	
C600_DK885_RS13000	0	
C600_DK885_RS13015	0	
C600_DK885_RS13020	0	
C600_DK885_RS13040	0	
C600_DK885_RS13045	0	
C600_DK885_RS13055	0	
C600_DK885_RS13070	0	
C600_DK885_RS13075	0	
C600_DK885_RS13085	0	
C600_DK885_RS13090	0	
C600_DK885_RS13110	0	
C600_DK885_RS13115	0	
C600_DK885_RS13125	0	
C600_DK885_RS13135	0	
C600_DK885_RS13145	0	
C600_DK885_RS13155	0	
C600_DK885_RS13160	0	
C600_DK885_RS13190	0	
C600_DK885_RS13210	0	
C600_DK885_RS13215	0	
C600_DK885_RS13220	0	
C600_DK885_RS13225	0	
C600_DK885_RS13240	0	
C600_DK885_RS13250	0	
C600_DK885_RS13290	0	
C600_DK885_RS13295	0	
C600_DK885_RS13305	0	
C600_DK885_RS13340	0	
C600_DK885_RS13355	1	down
C600_DK885_RS13365	0	
C600_DK885_RS13370	0	
C600_DK885_RS13395	0	
C600_DK885_RS13400	0	
C600_DK885_RS13430	0	
C600_DK885_RS13470	0	
C600_DK885_RS13480	0	
C600_DK885_RS13495	0	
C600_DK885_RS13500	0	
C600_DK885_RS13505	0	
C600_DK885_RS13525	0	
C600_DK885_RS13535	0	
C600_DK885_RS13540	0	
C600_DK885_RS13545	0	
C600_DK885_RS13565	0	
C600_DK885_RS13600	0	
C600_DK885_RS13605	0	
C600_DK885_RS13610	0	
C600_DK885_RS13615	0	
C600_DK885_RS13620	0	
C600_DK885_RS13635	0	
C600_DK885_RS13640	0	
C600_DK885_RS13645	1	down
C600_DK885_RS13660	0	
C600_DK885_RS13685	1	down
C600_DK885_RS13700	1	down
C600_DK885_RS13710	0	
C600_DK885_RS13715	0	
C600_DK885_RS13720	1	down
C600_DK885_RS13750	0	
C600_DK885_RS13775	0	
C600_DK885_RS13780	1	down
C600_DK885_RS13785	1	down
C600_DK885_RS13790	0	
C600_DK885_RS13800	0	
C600_DK885_RS13815	0	
C600_DK885_RS13820	0	
C600_DK885_RS13835	0	
C600_DK885_RS13845	0	
C600_DK885_RS13850	0	
C600_DK885_RS13855	0	
C600_DK885_RS13860	0	
C600_DK885_RS13870	0	
C600_DK885_RS13875	0	
C600_DK885_RS13880	0	
C600_DK885_RS13885	0	
C600_DK885_RS13905	0	
C600_DK885_RS13920	0	
C600_DK885_RS13930	0	
C600_DK885_RS14015	0	
C600_DK885_RS14135	1	up
C600_DK885_RS14140	1	down
C600_DK885_RS14150	0	
C600_DK885_RS14155	0	
C600_DK885_RS14160	0	
C600_DK885_RS14170	0	
C600_DK885_RS14175	0	
C600_DK885_RS14180	0	
C600_DK885_RS14200	0	
C600_DK885_RS14215	0	
C600_DK885_RS14220	0	
C600_DK885_RS14225	0	
C600_DK885_RS14240	0	
C600_DK885_RS14245	0	
C600_DK885_RS14255	0	
C600_DK885_RS14260	0	
C600_DK885_RS14280	0	
C600_DK885_RS14295	1	down
C600_DK885_RS14305	0	
C600_DK885_RS14310	0	
C600_DK885_RS14315	0	
C600_DK885_RS14320	0	
C600_DK885_RS14335	0	
C600_DK885_RS14345	0	
C600_DK885_RS14350	0	
C600_DK885_RS14355	0	
C600_DK885_RS14360	0	
C600_DK885_RS14365	0	
C600_DK885_RS14370	0	
C600_DK885_RS14375	0	
C600_DK885_RS14395	0	
C600_DK885_RS14400	1	down
C600_DK885_RS14410	0	
C600_DK885_RS14420	0	
C600_DK885_RS14425	0	
C600_DK885_RS14430	0	
C600_DK885_RS14435	0	
C600_DK885_RS14440	0	
C600_DK885_RS14450	0	
C600_DK885_RS14485	0	
C600_DK885_RS14490	0	
C600_DK885_RS14495	0	
C600_DK885_RS14515	0	
C600_DK885_RS14530	0	
C600_DK885_RS14535	0	
C600_DK885_RS14545	0	
C600_DK885_RS14560	0	
C600_DK885_RS14570	0	
C600_DK885_RS14575	0	
C600_DK885_RS14580	0	
C600_DK885_RS14590	0	
C600_DK885_RS14615	0	
C600_DK885_RS14620	0	
C600_DK885_RS14625	0	
C600_DK885_RS14660	0	
C600_DK885_RS14685	0	
C600_DK885_RS14750	0	
C600_DK885_RS14755	0	
C600_DK885_RS14760	0	
C600_DK885_RS14770	0	
C600_DK885_RS14775	0	
C600_DK885_RS14800	0	
C600_DK885_RS14815	0	
C600_DK885_RS14820	0	
C600_DK885_RS14860	0	
C600_DK885_RS14890	0	
C600_DK885_RS14895	0	
C600_DK885_RS14900	0	
C600_DK885_RS14915	0	
C600_DK885_RS14975	1	down
C600_DK885_RS14985	0	
C600_DK885_RS14990	0	
C600_DK885_RS15000	0	
C600_DK885_RS15060	1	down
C600_DK885_RS15080	0	
C600_DK885_RS15095	1	down
C600_DK885_RS15115	0	
C600_DK885_RS15120	1	up
C600_DK885_RS15130	0	
C600_DK885_RS15135	0	
C600_DK885_RS15140	0	
C600_DK885_RS15150	0	
C600_DK885_RS15170	0	
C600_DK885_RS15185	1	up
C600_DK885_RS15190	0	
C600_DK885_RS15210	0	
C600_DK885_RS15225	1	down
C600_DK885_RS15260	0	
C600_DK885_RS15265	0	
C600_DK885_RS15270	0	
C600_DK885_RS15275	1	down
C600_DK885_RS15285	0	
C600_DK885_RS15305	0	
C600_DK885_RS15310	0	
C600_DK885_RS15315	0	
C600_DK885_RS15320	0	
C600_DK885_RS15340	0	
C600_DK885_RS15355	0	
C600_DK885_RS15365	0	
C600_DK885_RS15370	0	
C600_DK885_RS15375	0	
C600_DK885_RS15380	0	
C600_DK885_RS15385	0	
C600_DK885_RS15390	0	
C600_DK885_RS15395	0	
C600_DK885_RS15405	0	
C600_DK885_RS15415	0	
C600_DK885_RS15450	0	
C600_DK885_RS15465	0	
C600_DK885_RS15470	0	
C600_DK885_RS15475	0	
C600_DK885_RS15480	0	
C600_DK885_RS15485	0	
C600_DK885_RS15495	0	
C600_DK885_RS15500	0	
C600_DK885_RS15505	0	
C600_DK885_RS15510	0	
C600_DK885_RS15525	0	
C600_DK885_RS15530	1	down
C600_DK885_RS15535	0	
C600_DK885_RS15540	0	
C600_DK885_RS15545	0	
C600_DK885_RS15585	0	
C600_DK885_RS15590	0	
C600_DK885_RS15605	0	
C600_DK885_RS15625	0	
C600_DK885_RS15630	0	
C600_DK885_RS15635	0	
C600_DK885_RS15640	0	
C600_DK885_RS15655	0	
C600_DK885_RS15660	0	
C600_DK885_RS15670	0	
C600_DK885_RS15680	1	down
C600_DK885_RS15685	0	
C600_DK885_RS15700	0	
C600_DK885_RS15710	0	
C600_DK885_RS15750	0	
C600_DK885_RS15765	0	
C600_DK885_RS15770	0	
C600_DK885_RS15785	0	
C600_DK885_RS15790	0	
C600_DK885_RS15795	0	
C600_DK885_RS15800	0	
C600_DK885_RS15810	0	
C600_DK885_RS15815	0	
C600_DK885_RS15820	0	
C600_DK885_RS15850	0	
C600_DK885_RS15855	0	
C600_DK885_RS15890	0	
C600_DK885_RS15905	0	
C600_DK885_RS15910	0	
C600_DK885_RS15950	0	
C600_DK885_RS15960	0	
C600_DK885_RS15980	0	
C600_DK885_RS16020	0	
C600_DK885_RS16040	0	
C600_DK885_RS16050	0	
C600_DK885_RS16055	0	
C600_DK885_RS16060	0	
C600_DK885_RS16065	0	
C600_DK885_RS16070	0	
C600_DK885_RS16080	0	
C600_DK885_RS16085	0	
C600_DK885_RS16090	0	
C600_DK885_RS16095	0	
C600_DK885_RS16100	0	
C600_DK885_RS16110	0	
C600_DK885_RS16135	0	
C600_DK885_RS16155	0	
C600_DK885_RS16170	0	
C600_DK885_RS16180	0	
C600_DK885_RS16185	0	
C600_DK885_RS16190	0	
C600_DK885_RS16195	0	
C600_DK885_RS16200	0	
C600_DK885_RS16205	0	
C600_DK885_RS16230	0	
C600_DK885_RS16275	0	
C600_DK885_RS16280	0	
C600_DK885_RS16285	0	
C600_DK885_RS16290	0	
C600_DK885_RS16295	0	
C600_DK885_RS16300	0	
C600_DK885_RS16325	0	
C600_DK885_RS16335	0	
C600_DK885_RS16340	0	
C600_DK885_RS16350	0	
C600_DK885_RS16355	0	
C600_DK885_RS16360	0	
C600_DK885_RS16365	0	
C600_DK885_RS16370	0	
C600_DK885_RS16375	0	
C600_DK885_RS16380	0	
C600_DK885_RS16385	0	
C600_DK885_RS16400	0	
C600_DK885_RS16420	0	
C600_DK885_RS16425	0	
C600_DK885_RS16430	0	
C600_DK885_RS16435	0	
C600_DK885_RS16450	0	
C600_DK885_RS16455	0	
C600_DK885_RS16460	0	
C600_DK885_RS16500	1	down
C600_DK885_RS16535	0	
C600_DK885_RS16545	0	
C600_DK885_RS16570	0	
C600_DK885_RS16575	0	
C600_DK885_RS16615	0	
C600_DK885_RS16620	0	
C600_DK885_RS16625	0	
C600_DK885_RS16630	1	down
C600_DK885_RS16650	0	
C600_DK885_RS16690	0	
C600_DK885_RS16695	0	
C600_DK885_RS16705	0	
C600_DK885_RS16715	0	
C600_DK885_RS16735	0	
C600_DK885_RS16740	0	
C600_DK885_RS16750	1	down
C600_DK885_RS16760	0	
C600_DK885_RS16785	0	
C600_DK885_RS16795	0	
C600_DK885_RS16800	0	
C600_DK885_RS16805	0	
C600_DK885_RS16810	0	
C600_DK885_RS16815	0	
C600_DK885_RS16820	0	
C600_DK885_RS16830	0	
C600_DK885_RS16835	0	
C600_DK885_RS16840	0	
C600_DK885_RS16855	0	
C600_DK885_RS16875	0	
C600_DK885_RS16880	0	
C600_DK885_RS16900	0	
C600_DK885_RS16915	0	
C600_DK885_RS16920	0	
C600_DK885_RS16925	0	
C600_DK885_RS16935	0	
C600_DK885_RS16940	0	
C600_DK885_RS16945	0	
C600_DK885_RS16950	0	
C600_DK885_RS16970	0	
C600_DK885_RS16985	0	
C600_DK885_RS16995	0	
C600_DK885_RS17025	0	
C600_DK885_RS17040	0	
C600_DK885_RS17045	0	
C600_DK885_RS17050	0	
C600_DK885_RS17060	0	
C600_DK885_RS17065	0	
C600_DK885_RS17075	0	
C600_DK885_RS17105	0	
C600_DK885_RS17120	0	
C600_DK885_RS17150	0	
C600_DK885_RS17170	0	
C600_DK885_RS17175	0	
C600_DK885_RS17205	0	
C600_DK885_RS17250	0	
C600_DK885_RS17310	0	
C600_DK885_RS17330	0	
C600_DK885_RS17400	0	
C600_DK885_RS17430	1	down
C600_DK885_RS17455	1	up
C600_DK885_RS17470	0	
C600_DK885_RS17485	0	
C600_DK885_RS17490	0	
C600_DK885_RS17495	0	
C600_DK885_RS17505	0	
C600_DK885_RS17510	0	
C600_DK885_RS17515	0	
C600_DK885_RS17525	0	
C600_DK885_RS17540	0	
C600_DK885_RS17550	0	
C600_DK885_RS17560	0	
C600_DK885_RS17580	0	
C600_DK885_RS17585	0	
C600_DK885_RS17590	0	
C600_DK885_RS17600	0	
C600_DK885_RS17630	0	
C600_DK885_RS17640	0	
C600_DK885_RS17665	0	
C600_DK885_RS17680	0	
C600_DK885_RS17690	0	
C600_DK885_RS17720	0	
C600_DK885_RS17725	0	
C600_DK885_RS17740	0	
C600_DK885_RS17745	0	
C600_DK885_RS17755	0	
C600_DK885_RS17760	0	
C600_DK885_RS17775	0	
C600_DK885_RS17785	0	
C600_DK885_RS17790	0	
C600_DK885_RS17805	0	
C600_DK885_RS17815	0	
C600_DK885_RS17835	0	
C600_DK885_RS17840	1	down
C600_DK885_RS17845	0	
C600_DK885_RS17875	0	
C600_DK885_RS17885	0	
C600_DK885_RS17910	0	
C600_DK885_RS17925	0	
C600_DK885_RS17935	1	down
C600_DK885_RS17950	0	
C600_DK885_RS17955	0	
C600_DK885_RS17960	0	
C600_DK885_RS17965	0	
C600_DK885_RS18000	0	
C600_DK885_RS18005	0	
C600_DK885_RS18010	0	
C600_DK885_RS18015	0	
C600_DK885_RS18025	1	down
C600_DK885_RS18030	0	
C600_DK885_RS18040	0	
C600_DK885_RS18045	0	
C600_DK885_RS18050	0	
C600_DK885_RS18055	0	
C600_DK885_RS18065	0	
C600_DK885_RS18070	0	
C600_DK885_RS18075	0	
C600_DK885_RS18080	0	
C600_DK885_RS18085	0	
C600_DK885_RS18090	0	
C600_DK885_RS18095	0	
C600_DK885_RS18115	0	
C600_DK885_RS18125	0	
C600_DK885_RS18130	0	
C600_DK885_RS18135	0	
C600_DK885_RS18140	0	
C600_DK885_RS18145	0	
C600_DK885_RS18150	0	
C600_DK885_RS18160	0	
C600_DK885_RS18165	0	
C600_DK885_RS18170	0	
C600_DK885_RS18175	0	
C600_DK885_RS18225	0	
C600_DK885_RS18235	0	
C600_DK885_RS18255	0	
C600_DK885_RS18265	0	
C600_DK885_RS18285	0	
C600_DK885_RS18290	0	
C600_DK885_RS18330	0	
C600_DK885_RS18395	0	
C600_DK885_RS18400	0	
C600_DK885_RS18405	1	down
C600_DK885_RS18420	0	
C600_DK885_RS18425	0	
C600_DK885_RS18450	0	
C600_DK885_RS18465	0	
C600_DK885_RS18490	0	
C600_DK885_RS18495	0	
C600_DK885_RS18580	0	
C600_DK885_RS18620	1	down
C600_DK885_RS18655	0	
C600_DK885_RS18660	0	
C600_DK885_RS18675	0	
C600_DK885_RS18680	0	
C600_DK885_RS18685	0	
C600_DK885_RS18720	0	
C600_DK885_RS18890	0	
C600_DK885_RS18930	0	
C600_DK885_RS18935	0	
C600_DK885_RS18965	0	
C600_DK885_RS18970	1	up
C600_DK885_RS18985	0	
C600_DK885_RS18995	0	
C600_DK885_RS19005	0	
C600_DK885_RS19010	0	
C600_DK885_RS19015	0	
C600_DK885_RS19020	0	
C600_DK885_RS19025	0	
C600_DK885_RS19030	0	
C600_DK885_RS19070	0	
C600_DK885_RS19075	0	
C600_DK885_RS19080	1	down
C600_DK885_RS19090	0	
C600_DK885_RS19140	0	
C600_DK885_RS19150	0	
C600_DK885_RS19160	0	
C600_DK885_RS19165	0	
C600_DK885_RS19170	0	
C600_DK885_RS19180	0	
C600_DK885_RS19200	0	
C600_DK885_RS19205	0	
C600_DK885_RS19215	0	
C600_DK885_RS19220	0	
C600_DK885_RS19225	0	
C600_DK885_RS19230	0	
C600_DK885_RS19235	0	
C600_DK885_RS19240	1	down
C600_DK885_RS19245	1	down
C600_DK885_RS19250	0	
C600_DK885_RS19260	0	
C600_DK885_RS19265	0	
C600_DK885_RS19275	1	down
C600_DK885_RS19280	0	
C600_DK885_RS19285	0	
C600_DK885_RS19290	1	down
C600_DK885_RS19305	0	
C600_DK885_RS19315	1	down
C600_DK885_RS19320	0	
C600_DK885_RS19325	0	
C600_DK885_RS19345	1	down
C600_DK885_RS19355	0	
C600_DK885_RS19360	0	
C600_DK885_RS19365	0	
C600_DK885_RS19375	0	
C600_DK885_RS19385	0	
C600_DK885_RS19410	0	
C600_DK885_RS19435	0	
C600_DK885_RS19465	0	
C600_DK885_RS19490	0	
C600_DK885_RS19495	0	
C600_DK885_RS19515	0	
C600_DK885_RS19520	0	
C600_DK885_RS19525	1	down
C600_DK885_RS19540	0	
C600_DK885_RS19545	0	
C600_DK885_RS19565	0	
C600_DK885_RS19570	0	
C600_DK885_RS19580	0	
C600_DK885_RS19595	0	
C600_DK885_RS19600	0	
C600_DK885_RS19605	0	
C600_DK885_RS19630	0	
C600_DK885_RS19635	0	
C600_DK885_RS19655	0	
C600_DK885_RS19660	0	
C600_DK885_RS19665	0	
C600_DK885_RS19670	0	
C600_DK885_RS19675	0	
C600_DK885_RS19680	0	
C600_DK885_RS19685	0	
C600_DK885_RS19695	0	
C600_DK885_RS19700	0	
C600_DK885_RS19705	0	
C600_DK885_RS19710	0	
C600_DK885_RS19715	0	
C600_DK885_RS19720	0	
C600_DK885_RS19725	0	
C600_DK885_RS19730	0	
C600_DK885_RS19735	0	
C600_DK885_RS19740	0	
C600_DK885_RS19745	0	
C600_DK885_RS19750	0	
C600_DK885_RS19755	0	
C600_DK885_RS19760	0	
C600_DK885_RS19765	0	
C600_DK885_RS19780	0	
C600_DK885_RS19790	0	
C600_DK885_RS19795	0	
C600_DK885_RS19810	0	
C600_DK885_RS19820	0	
C600_DK885_RS19825	0	
C600_DK885_RS19840	0	
C600_DK885_RS19845	0	
C600_DK885_RS19850	0	
C600_DK885_RS19855	0	
C600_DK885_RS19875	0	
C600_DK885_RS19880	0	
C600_DK885_RS19885	0	
C600_DK885_RS19890	0	
C600_DK885_RS19895	0	
C600_DK885_RS19900	0	
C600_DK885_RS19920	0	
C600_DK885_RS19925	0	
C600_DK885_RS19930	0	
C600_DK885_RS19955	0	
C600_DK885_RS19960	0	
C600_DK885_RS19980	0	
C600_DK885_RS19995	0	
C600_DK885_RS20000	0	
C600_DK885_RS20005	1	down
C600_DK885_RS20020	0	
C600_DK885_RS20030	0	
C600_DK885_RS20035	0	
C600_DK885_RS20040	0	
C600_DK885_RS20045	1	down
C600_DK885_RS20050	0	
C600_DK885_RS20060	0	
C600_DK885_RS20065	0	
C600_DK885_RS20070	0	
C600_DK885_RS20080	0	
C600_DK885_RS20100	0	
C600_DK885_RS20115	0	
C600_DK885_RS20140	1	down
C600_DK885_RS20145	0	
C600_DK885_RS20155	0	
C600_DK885_RS20165	0	
C600_DK885_RS20175	0	
C600_DK885_RS20185	0	
C600_DK885_RS20195	0	
C600_DK885_RS20210	0	
C600_DK885_RS20225	0	
C600_DK885_RS20230	1	down
C600_DK885_RS20240	0	
C600_DK885_RS20250	0	
C600_DK885_RS20255	0	
C600_DK885_RS20260	0	
C600_DK885_RS20265	0	
C600_DK885_RS20275	0	
C600_DK885_RS20285	0	
C600_DK885_RS20290	0	
C600_DK885_RS20295	0	
C600_DK885_RS20300	0	
C600_DK885_RS20320	0	
C600_DK885_RS20330	1	up
C600_DK885_RS20335	0	
C600_DK885_RS20345	0	
C600_DK885_RS20350	0	
C600_DK885_RS20385	0	
C600_DK885_RS20405	0	
C600_DK885_RS20420	0	
C600_DK885_RS20440	0	
C600_DK885_RS20450	1	down
C600_DK885_RS20465	0	
C600_DK885_RS20470	0	
C600_DK885_RS20475	1	down
C600_DK885_RS20480	1	down
C600_DK885_RS20495	0	
C600_DK885_RS20540	0	
C600_DK885_RS20565	0	
C600_DK885_RS20585	0	
C600_DK885_RS20595	0	
C600_DK885_RS20620	0	
C600_DK885_RS20625	0	
C600_DK885_RS20640	1	down
C600_DK885_RS20650	1	down
C600_DK885_RS20655	1	down
C600_DK885_RS20660	1	down
C600_DK885_RS20670	1	down
C600_DK885_RS20695	1	down
C600_DK885_RS20710	1	down
C600_DK885_RS20715	1	down
C600_DK885_RS20745	0	
C600_DK885_RS20755	0	
C600_DK885_RS20765	0	
C600_DK885_RS20775	0	
C600_DK885_RS20785	0	
C600_DK885_RS20790	0	
C600_DK885_RS20800	0	
C600_DK885_RS20810	0	
C600_DK885_RS20840	0	
C600_DK885_RS20855	0	
C600_DK885_RS20990	0	
C600_DK885_RS21010	0	
C600_DK885_RS21020	0	
C600_DK885_RS21030	0	
C600_DK885_RS21035	0	
C600_DK885_RS21040	0	
C600_DK885_RS21070	0	
C600_DK885_RS21100	0	
C600_DK885_RS21105	0	
C600_DK885_RS21110	0	
C600_DK885_RS21125	0	
C600_DK885_RS21130	0	
C600_DK885_RS21135	0	
C600_DK885_RS21140	1	up
C600_DK885_RS21155	0	
C600_DK885_RS21165	0	
C600_DK885_RS21170	0	
C600_DK885_RS21195	1	down
C600_DK885_RS21215	0	
C600_DK885_RS21260	0	
C600_DK885_RS21265	0	
C600_DK885_RS21285	0	
C600_DK885_RS21290	0	
C600_DK885_RS21295	1	down
C600_DK885_RS21305	0	
C600_DK885_RS21325	0	
C600_DK885_RS21330	0	
C600_DK885_RS21335	0	
C600_DK885_RS21340	0	
C600_DK885_RS21350	0	
C600_DK885_RS21355	0	
C600_DK885_RS21360	0	
C600_DK885_RS21375	0	
C600_DK885_RS21380	0	
C600_DK885_RS21385	0	
C600_DK885_RS21390	0	
C600_DK885_RS21395	0	
C600_DK885_RS21400	0	
C600_DK885_RS21460	0	
C600_DK885_RS21465	0	
C600_DK885_RS21475	0	
C600_DK885_RS21480	0	
C600_DK885_RS21490	0	
C600_DK885_RS21495	0	
C600_DK885_RS21500	0	
C600_DK885_RS21505	0	
C600_DK885_RS21510	0	
C600_DK885_RS21520	0	
C600_DK885_RS21550	1	down
C600_DK885_RS21555	0	
C600_DK885_RS21560	0	
C600_DK885_RS21580	0	
C600_DK885_RS21585	0	
C600_DK885_RS21590	0	
C600_DK885_RS21600	0	
C600_DK885_RS21605	0	
C600_DK885_RS21610	0	
C600_DK885_RS21615	0	
C600_DK885_RS21645	0	
C600_DK885_RS21650	0	
C600_DK885_RS21670	0	
C600_DK885_RS21680	0	
C600_DK885_RS21685	0	
C600_DK885_RS21705	0	
C600_DK885_RS21715	0	
C600_DK885_RS21720	0	
C600_DK885_RS21725	0	
C600_DK885_RS21755	0	
C600_DK885_RS21760	0	
C600_DK885_RS21775	1	down
C600_DK885_RS21790	0	
C600_DK885_RS21820	0	
C600_DK885_RS21930	0	
C600_DK885_RS21940	0	
C600_DK885_RS21950	0	
C600_DK885_RS21975	0	
C600_DK885_RS21990	0	
C600_DK885_RS22010	0	
C600_DK885_RS22015	0	
C600_DK885_RS22050	0	
C600_DK885_RS22055	0	
C600_DK885_RS22065	0	
C600_DK885_RS22075	0	
C600_DK885_RS22085	0	
C600_DK885_RS22090	0	
C600_DK885_RS22110	0	
C600_DK885_RS22135	1	down
C600_DK885_RS22140	0	
C600_DK885_RS22165	0	
C600_DK885_RS22170	0	
C600_DK885_RS22175	0	
C600_DK885_RS22220	0	
C600_DK885_RS22225	0	
C600_DK885_RS22230	0	
C600_DK885_RS22235	1	up
C600_DK885_RS22240	0	
C600_DK885_RS22255	0	
C600_DK885_RS22260	0	
C600_DK885_RS22265	0	
C600_DK885_RS22280	0	
C600_DK885_RS22285	0	
C600_DK885_RS22295	0	
C600_DK885_RS22305	0	
C600_DK885_RS22320	0	
C600_DK885_RS22325	0	
C600_DK885_RS22335	0	
C600_DK885_RS22345	0	
C600_DK885_RS22350	1	down
C600_DK885_RS22355	0	
C600_DK885_RS22360	0	
C600_DK885_RS22365	0	
C600_DK885_RS22375	1	up
C600_DK885_RS22380	1	up
C600_DK885_RS22385	0	
C600_DK885_RS22390	0	
C600_DK885_RS22430	0	
C600_DK885_RS22435	0	
C600_DK885_RS22440	0	
C600_DK885_RS22475	0	
C600_DK885_RS22480	0	
C600_DK885_RS22490	0	
C600_DK885_RS22495	0	
C600_DK885_RS22515	0	
C600_DK885_RS22520	0	
C600_DK885_RS22530	0	
C600_DK885_RS22535	1	down
C600_DK885_RS22540	0	
C600_DK885_RS22545	0	
C600_DK885_RS22555	0	
C600_DK885_RS22560	0	
C600_DK885_RS22565	0	
C600_DK885_RS22570	0	
C600_DK885_RS22615	0	
C600_DK885_RS22620	0	
C600_DK885_RS22645	0	
C600_DK885_RS22650	0	
C600_DK885_RS22675	0	
C600_DK885_RS22685	0	
C600_DK885_RS22690	0	
C600_DK885_RS22695	0	
C600_DK885_RS22700	0	
C600_DK885_RS22710	0	
C600_DK885_RS22725	0	
C600_DK885_RS22750	0	
C600_DK885_RS22755	0	
C600_DK885_RS22775	0	
C600_DK885_RS22780	1	down
C600_DK885_RS22785	0	
C600_DK885_RS22790	0	
C600_DK885_RS22795	0	
C600_DK885_RS22805	0	
C600_DK885_RS22810	0	
C600_DK885_RS22815	0	
C600_DK885_RS22825	0	
C600_DK885_RS22830	0	
C600_DK885_RS22835	0	
C600_DK885_RS22855	0	
C600_DK885_RS22860	0	
C600_DK885_RS22890	0	
C600_DK885_RS22895	0	
C600_DK885_RS22900	0	
C600_DK885_RS22905	0	
C600_DK885_RS22910	0	
C600_DK885_RS22920	0	
C600_DK885_RS22960	0	
C600_DK885_RS22990	0	
C600_DK885_RS22995	0	
C600_DK885_RS23010	0	
C600_DK885_RS23030	0	
C600_DK885_RS23035	0	
C600_DK885_RS23045	0	
C600_DK885_RS23055	0	
C600_DK885_RS23060	0	
C600_DK885_RS23080	0	
C600_DK885_RS23090	0	
C600_DK885_RS23095	0	
C600_DK885_RS23105	0	
C600_DK885_RS23110	0	
C600_DK885_RS23115	1	up
C600_DK885_RS23140	0	
C600_DK885_RS23150	0	
C600_DK885_RS23155	0	
C600_DK885_RS23160	0	
C600_DK885_RS23170	0	
C600_DK885_RS23175	0	
C600_DK885_RS23180	0	
C600_DK885_RS23185	0	
C600_DK885_RS23210	0	
C600_DK885_RS23220	0	
C600_DK885_RS23225	0	
C600_DK885_RS23255	0	
C600_DK885_RS23270	0	
C600_DK885_RS23275	0	
C600_DK885_RS23280	0	
C600_DK885_RS23290	0	
C600_DK885_RS23295	0	
C600_DK885_RS23305	0	
C600_DK885_RS23310	0	
C600_DK885_RS23315	0	
C600_DK885_RS23320	0	
C600_DK885_RS23325	0	
C600_DK885_RS23330	0	
C600_DK885_RS23340	0	
C600_DK885_RS23350	1	down
C600_DK885_RS23355	0	
C600_DK885_RS23375	0	
C600_DK885_RS23380	0	
C600_DK885_RS23390	0	
C600_DK885_RS23420	0	
C600_DK885_RS23425	0	
C600_DK885_RS23435	0	
C600_DK885_RS23445	0	
C600_DK885_RS23455	0	
C600_DK885_RS23460	0	
C600_DK885_RS23475	0	
C600_DK885_RS23480	0	
C600_DK885_RS23485	0	
C600_DK885_RS23520	0	
C600_DK885_RS23525	0	
C600_DK885_RS23530	0	
C600_DK885_RS23535	0	
C600_DK885_RS23540	0	
C600_DK885_RS23545	0	
C600_DK885_RS23550	0	
C600_DK885_RS23555	0	
C600_DK885_RS23560	0	
C600_DK885_RS23565	0	
C600_DK885_RS23570	0	
C600_DK885_RS23575	0	
C600_DK885_RS23580	0	
C600_DK885_RS23590	0	
C600_DK885_RS23605	0	
C600_DK885_RS23615	0	
C600_DK885_RS23620	0	
C600_DK885_RS23635	0	
C600_DK885_RS23645	0	
C600_DK885_RS23650	0	
C600_DK885_RS23655	0	
C600_DK885_RS23690	0	
C600_DK885_RS23695	0	
C600_DK885_RS23740	0	
C600_DK885_RS23745	0	
C600_DK885_RS23765	0	
C600_DK885_RS23780	0	
C600_DK885_RS23785	0	
C600_DK885_RS23790	0	
C600_DK885_RS24005	0	
