relative_path	bytes	SHA256
.gitignore	106	80f4a670f1540e269fb2b8e358d6cd98266e38a5449de986eea1be01fc2bbd0e
expected_results/DESeq2/C600_vs_CD19C_DESeq2_results.tsv	542006	7647d9b9e094a9c6628e03cdfbc7771bf01569062949ce3dd2767fe1e7de2475
expected_results/DESeq2/C600_vs_CD19C_DESeq2_size_factors.tsv	325	c4ed10bd3e291d7266a77d8c7f87d492bab2221dfbc475624a6163c2afc788cb
expected_results/DESeq2/TH2_vs_TH2C_DESeq2_results.tsv	664749	47c0469f2ae14b586068d7bac01bd1f7d354eb887fbc4580428f783fa65a1a57
expected_results/DESeq2/TH2_vs_TH2C_DESeq2_size_factors.tsv	316	babf29943abaa3b2adfb591e0cb3cf096aa0d6dea46a8d4a9301bd32873a88dd
expected_results/ORA/C600_vs_CD19C_BP_all_terms.tsv	188698	19bb6a375ee56c0b702d11399c0f74e783925fa55e74b513b00feb78ff7bff6d
expected_results/ORA/C600_vs_CD19C_BP_background_genes.tsv	43773	ef853b61a49f639cbd36a82dbd546aaff85b83ab0b9bb2dcafbef474852f1ca8
expected_results/ORA/C600_vs_CD19C_CC_all_terms.tsv	21017	31cca217fa8ba1dc5c95aeb8beaf9ed21f757dc5c55841e4ef2b1ffa7b35d20e
expected_results/ORA/C600_vs_CD19C_CC_background_genes.tsv	39262	0d6bdac59df4f757271d1f4f70c129097ca7509a66ee95828582987e92beceab
expected_results/ORA/C600_vs_CD19C_KEGG_all_terms.tsv	25442	e3ce01bf41164c6d132733fd34a8353ef361d844108e39ecb605dea28d9335e6
expected_results/ORA/C600_vs_CD19C_KEGG_background_genes.tsv	19306	c896b01a9867b9217ef05ec4a065534b54903c32c85ecf76f28487e85b7b7881
expected_results/ORA/C600_vs_CD19C_MF_all_terms.tsv	204808	a8026e91b75f5e8db40657c020faa49f0373aa9bac9950f56b879a5aeb3e0d03
expected_results/ORA/C600_vs_CD19C_MF_background_genes.tsv	59011	55a137033b51d632aac2fe48b1b68cd991f5bae86486296a53585a1c112e948e
expected_results/ORA/family_summary.json	1484	7cb9f1de145487fe6c8cf70594af1a9bb447c4589c42f4ff4e71e06e6485f74f
expected_results/ORA/python_version.txt	67	0b4cebda4edcad8a05a470afc8cca36811641929e49d9e02bf14759d1d2909d1
expected_results/ORA/TH2_vs_TH2C_BP_all_terms.tsv	178455	cec2c1dbb1a7f90232f98ab11601d67a691842180a2cdca93afbb1afb0cd3ac1
expected_results/ORA/TH2_vs_TH2C_BP_background_genes.tsv	49087	e179ab68228588278c21dbda658cdc05ff6208fece407980ab8f0576bdb45bff
expected_results/ORA/TH2_vs_TH2C_CC_all_terms.tsv	19280	1f4dae845f582174257f2909d880e3463214a01233b906b512ba60b01e47fc95
expected_results/ORA/TH2_vs_TH2C_CC_background_genes.tsv	42569	8da5944e6b7bd5114d979affe8c158f005a18ae5bfb6b9e743cd02a9fa851100
expected_results/ORA/TH2_vs_TH2C_KEGG_all_terms.tsv	21305	12a4d028b1f41289ff8079752ffb279323e389f0e2065e280a450441a84c32f6
expected_results/ORA/TH2_vs_TH2C_KEGG_background_genes.tsv	20975	75620808ee97f0fe4e61eaf27212d9b4a0abdc9c396ed303627338f8b2418ce3
expected_results/ORA/TH2_vs_TH2C_MF_all_terms.tsv	203187	9939b9230641d20547126fc2bf359769917423613a34d5ae63a87f3124e46b2f
expected_results/ORA/TH2_vs_TH2C_MF_background_genes.tsv	64322	8ca5d1334deb0d7cd127acb237b86bd46a7519556d4e3e0567780341a7bc0f56
expected_results/plot_sessionInfo.txt	1135	bcfc74e8f52c912d4668b5aa9abaff8d8b1d25b753d7014d11a1288ee76bfe1f
expected_results/R_sessionInfo.txt	1524	e0d8a034ecf32c12903789c42c71021a98cb17ddb25a1fd4e683611185222ff4
inputs/annotations/C600_exact_CDS_crosswalk.tsv	220811	c229a1540a1de454887712e46f39f2d64a04401ef81801a1973d6dc9a241a237
inputs/annotations/gene_sets.tsv	2550928	342872d2256dead2ec4df5c55f53a42a96b2271547a3826f51683e1f5082e79f
inputs/annotations/TH2_exact_CDS_crosswalk.tsv	278632	7f1eeeff2761f4eb6c8548d37e699f63c7e309a712e1d55c009989de86d34afc
inputs/counts/C600_vs_CD19C_composite_counts.tsv	183923	ee112bbf24e80a57edaa14deb1bc5a5c6eb79f298ae0401ff64f5cf40f6e9b5d
inputs/counts/C600_vs_CD19C_host_counts.tsv	175178	2122b2b3b017d0117555220b5cb8b76c895da3c8071db6473bd8787277935482
inputs/counts/TH2_vs_TH2C_composite_counts.tsv	223014	c8a4a4fc62b04e31ca98541bd09dbdd106490170ef20d160a223862eab49f5bb
inputs/counts/TH2_vs_TH2C_host_counts.tsv	213288	08c3bc1cec21f06a720c09abe8f2a9b1380f05d61d7df97123502fcc61ea24f8
inputs/figure_sources/Fig3a_arn_source.tsv	342	3776327642cd05eab84a6f7ca710b65faa610b5b18723edc2fa3d037e266a667
inputs/figure_sources/Fig3c_envelope_source.tsv	592	9f111b4c0b273e9d83b93cbb3804de749b51df6279c5c849bf5d703814554adb
inputs/figure_sources/Fig3d_metabolism_source.tsv	664	e34738276f64ef7563d22cd328868edd1f7168d148af0104c54d5beebcee3135
inputs/figure_sources/Fig4_module_DNA_RNA.tsv	9312	5aa99f936bc2be522edc968dc72b428d28e8072189e17b151c42f319bf96b210
inputs/figure_sources/Fig4d_stress_source.tsv	416	8639c8dafd644adbe20ecb8a982dffce1dc96c988e810328567efd9bcf6e403b
inputs/provenance/mapping_input_fastq_SHA256.tsv	3035	0ddbf7839926b6e43e2151158154ef7bd6bdd7496dcdc923d99ac7e484e4d5c6
inputs/provenance/source_file_manifest.json	3359	97c1811784f4f5ac5ee6c8a5a6d846bce2b444f78d713eff3bfa6b1187cbca6b
inputs/references/C600_plus_pXNCD19.fa	4753622	b3b3d83c8dcb01bc60254a68fef6246ae8a7e9426ceb7aba835b729b45657623
inputs/references/C600_plus_pXNCD19.gtf	633591	2afd5edb2fda33b58c50a163e665ae16b31ad90ff94d1157065680494b14074e
inputs/references/C600_plus_pXNCD19_gene_metadata.tsv	690555	88809f7f34a00544e1024e33a3fad7995a5995eb170ef0ef8205867c55a7ac56
inputs/references/TH2_plus_pXNCD19.fa	5339217	eec9e4f7addcf92070c6147f17bf7c206d0d60a718f7280cbabc224e55c86923
inputs/references/TH2_plus_pXNCD19.gtf	758445	575df598ae0df4cd5f13ae3b4e0224737268536d6d78807b9b25e2b58857c0dc
inputs/references/TH2_plus_pXNCD19_gene_metadata.tsv	715410	f80df8379517065dee809a3311cc7f07f4ecb01edec4b82e5b057b51618fd38e
inputs/sample_manifest.tsv	1564	2948aece9d526c5757ff11805d754537743851fdb8c8bf919d2833873a6e4506
outputs/.gitkeep	0	e3b0c44298fc1c149afbf4c8996fb92427ae41e4649b934ca495991b7852b855
README.md	7975	8f057b99dff311925458b4e78e59e2e684ac95900963c5e02e650256700db0f3
workflow/calculate_abundance.py	1335	1662cf53cb0e3690d311428720fd328c31a52fa06caaaa61451416474f6a355e
workflow/plot_figures.R	8196	74f8dbc552eb8d7da84f4a7a957ed69491786a109caf6a45aff572c264a5c39d
workflow/prepare_counts.py	1690	11b555ff4e0e6115aada2a32d2d8a1d5501bc768e8fe3a16f8f1dcaa9aa8df4c
workflow/run_deseq2.R	1708	1439ec9db210fa7829ddb1a12b350eb09a7e68f6877edc04e44547e9c78d5656
workflow/run_enrichment.py	4549	c5cacba719156f16752794f424a5742e73405f96d3e30ab3b302b535906ab479
workflow/run_mapping.sh	1193	0b49090756e3542adad863bb725c89cd787d8e2303ee1fe74461c539c16b60e7
