display	gene_id	log2FC	FDR
ompF	C600_DK885_RS15275	-4.87984416159158	2.19634974337878e-05
fimA	C600_DK885_RS20670	-3.69462292524709	2.1088418900655e-05
lsrK_1	C600_DK885_RS12020	1.69851265849688	0.00216731213184268
lsrF	C600_DK885_RS11990	1.12118178384545	0.00951205305178541
lsrR	C600_DK885_RS12015	1.57563380620663	0.000851631640523029
dgcE	C600_DK885_RS08990	1.99833156189899	0.00416095612745644
dgcN	C600_DK885_RS06090	1.92511234761882	5.05776810349807e-08
dosC	C600_DK885_RS12130	1.38040994068329	0.00110521855948812
dosP	C600_DK885_RS12135	1.937845750532	4.94149232200953e-06
