display	gene_id	Category	log2FC	FDR	seqid	start	end	gene_name	product	gene_length	unique_bases	unique_fraction	molecule_type	primary_cluster_id	rep_type(s)	circularity_status	TH2_all_mean_depth	TH2_all_breadth_1x	TH2_all_breadth_5x	TH2_all_relative_DNA	TH2_unique_mean_depth	TH2_unique_breadth_1x	TH2_unique_breadth_5x	TH2_unique_relative_DNA	TH2C_all_mean_depth	TH2C_all_breadth_1x	TH2C_all_breadth_5x	TH2C_all_relative_DNA	TH2C_unique_mean_depth	TH2C_unique_breadth_1x	TH2C_unique_breadth_5x	TH2C_unique_relative_DNA	normalized_DNA_ratio	unique_assembly_breadth	DNA_state	log2FC_RNA	FDR_RNA	sig
repB_2	TH2_HKNPDCAD_05149	Replication / partition	-10.317833924657	2.4050666632838604e-15	TH2_contig_3	15022	15777	repB_3	RepFIB replication protein A	756	756	1.0	plasmid	AA374	IncHI1B,IncHI1B	not tested	27.925925925925927	1.0	1.0	0.8447107830205288	27.925925925925927	1.0	1.0	0.8447107830205288	0.0	0.0	0.0	0.0	0.0	0.0	0.0	0.0	0.0	0.0	reference_copy_not_detected	-10.317833924657	2.4050666632838604e-15	down
repB_3	TH2_HKNPDCAD_05144	Replication / partition	-12.4390555820055	1.28566321986392e-21	TH2_contig_3	10467	11351	repB_2	RepFIB replication protein A	885	885	1.0	plasmid	AA374	IncHI1B,IncHI1B	not tested	35.07570621468926	1.0	1.0	1.0609792255483042	35.07570621468926	1.0	1.0	1.0609792255483042	0.0	0.0	0.0	0.0	0.0	0.0	0.0	0.0	0.0	0.0	reference_copy_not_detected	-12.4390555820055	1.28566321986392e-21	down
parA_2	TH2_HKNPDCAD_05142	Replication / partition	-11.1502375249424	1.07881519203114e-17	TH2_contig_3	8000	9196	parA	Plasmid partition protein A	1197	1197	1.0	plasmid	AA374	IncHI1B,IncHI1B	not tested	37.78947368421053	1.0	1.0	1.143065980708919	37.78947368421053	1.0	1.0	1.143065980708919	0.0	0.0	0.0	0.0	0.0	0.0	0.0	0.0	0.0	0.0	reference_copy_not_detected	-11.1502375249424	1.07881519203114e-17	down
virB_1	TH2_HKNPDCAD_05141	Conjugation	-10.126601978212	1.28353746550616e-14	TH2_contig_3	6982	7983	virB_1	Virulence regulon transcriptional activator VirB	1002	1002	1.0	plasmid	AA374	IncHI1B,IncHI1B	not tested	33.346307385229544	1.0	1.0	1.0086679129972855	33.346307385229544	1.0	1.0	1.0086679129972855	0.0	0.0	0.0	0.0	0.0	0.0	0.0	0.0	0.0	0.0	reference_copy_not_detected	-10.126601978212	1.28353746550616e-14	down
dfrA13	TH2_HKNPDCAD_05211	AMR cargo	-15.275172285562	2.68298226738202e-33	TH2_contig_3	69810	70307	IS1595 family transposase ISSsu9	IS1595 family transposase ISSsu9	498	494	0.9919678714859438	plasmid	AA374	IncHI1B,IncHI1B	not tested	35.7710843373494	1.0	1.0	1.082013206661255	35.77125506072875	1.0	1.0	1.0820183707471238	0.0	0.0	0.0	0.0	0.0	0.0	0.0	0.0	0.0	0.0	reference_copy_not_detected	-15.275172285562	2.68298226738202e-33	down
ant1_7	TH2_HKNPDCAD_05210	AMR cargo	-2.17744627907728	5.8272389331019e-09	TH2_contig_3	68610	69389	ant1_3	Streptomycin 3''-adenylyltransferase	780	0	0.0	plasmid	AA374	IncHI1B,IncHI1B	not tested	30.111538461538462	1.0	1.0	0.9108217682474415					0.0	0.0	0.0	0.0							ambiguous_repetitive	-2.17744627907728	5.8272389331019e-09	down
emrE_2	TH2_HKNPDCAD_05209	AMR cargo	-9.15838260582827	8.92904065430828e-12	TH2_contig_3	68099	68446	emrE_2	Multidrug transporter EmrE	348	348	1.0	plasmid	AA374	IncHI1B,IncHI1B	not tested	30.186781609195403	1.0	1.0	0.9130977428504974	30.186781609195403	1.0	1.0	0.9130977428504974	0.0	0.0	0.0	0.0	0.0	0.0	0.0	0.0	0.0	0.0	reference_copy_not_detected	-9.15838260582827	8.92904065430828e-12	down
xerC_14	TH2_HKNPDCAD_05198	Mobility / recombination	-13.5022012426352	4.8473086486675e-26	TH2_contig_3	57461	58492	hypothetical protein	hypothetical protein	1032	1032	1.0	plasmid	AA374	IncHI1B,IncHI1B	not tested	26.0281007751938	1.0	1.0	0.7873048666200028	26.0281007751938	1.0	1.0	0.7873048666200028	0.0	0.0	0.0	0.0	0.0	0.0	0.0	0.0	0.0	0.0	reference_copy_not_detected	-13.5022012426352	4.8473086486675e-26	down
tnpR	TH2_HKNPDCAD_05214	Mobility / recombination	-7.49167229831977	1.92877432187157e-07	TH2_contig_3	72194	72517	hypothetical protein	hypothetical protein	324	213	0.6574074074074074	plasmid	AA374	IncHI1B,IncHI1B	not tested	35.882716049382715	1.0	1.0	1.085389872170277	34.53051643192488	1.0	1.0	1.0444881810072832	5.783950617283951	0.9938271604938271	0.9753086419753086	0.04392327345875005	5.807511737089202	1.0	0.9859154929577465	0.04410219640894052	0.04222373906271419	0.0	partial_or_low_DNA_support	-7.49167229831977	1.92877432187157e-07	down
insH5	TH2_HKNPDCAD_05196	Mobility / recombination	-9.66938136968688	3.32935069783816e-13	TH2_contig_3	55616	56596	IS5 family transposase ISKpn26	IS5 family transposase ISKpn26	981	0	0.0	plasmid	AA374	IncHI1B,IncHI1B	not tested	29.370030581039757	1.0	1.0	0.8883924420358994					0.0	0.0	0.0	0.0							ambiguous_repetitive	-9.66938136968688	3.32935069783816e-13	down
insO2	TH2_HKNPDCAD_05235	Mobility / recombination	-8.58768583131154	5.41060514675504e-10	TH2_contig_3	93150	93827	IS3 family transposase ISEc31	IS3 family transposase ISEc31	678	678	1.0	plasmid	AA374	IncHI1B,IncHI1B	not tested	25.5929203539823	1.0	1.0	0.7741414143021874	25.5929203539823	1.0	1.0	0.7741414143021874	0.0	0.0	0.0	0.0	0.0	0.0	0.0	0.0	0.0	0.0	reference_copy_not_detected	-8.58768583131154	5.41060514675504e-10	down
hsdR_1	TH2_HKNPDCAD_05176	Restriction-modification	-7.02463210563935	2.53048378005409e-06	TH2_contig_3	40183	40656	hsdR_1	Type I restriction enzyme EcoR124II R protein	474	474	1.0	plasmid	AA374	IncHI1B,IncHI1B	not tested	15.879746835443038	1.0	1.0	0.48033477633347615	15.879746835443038	1.0	1.0	0.48033477633347615	0.0	0.0	0.0	0.0	0.0	0.0	0.0	0.0	0.0	0.0	reference_copy_not_detected	-7.02463210563935	2.53048378005409e-06	down
hsdR_2	TH2_HKNPDCAD_05177	Restriction-modification	-6.47839816290445	8.24533845778001e-05	TH2_contig_3	40671	41252	hsdR_2	Type I restriction enzyme EcoR124II R protein	582	582	1.0	plasmid	AA374	IncHI1B,IncHI1B	not tested	17.652920962199314	1.0	1.0	0.5339702156387666	17.652920962199314	1.0	1.0	0.5339702156387666	0.0	0.0	0.0	0.0	0.0	0.0	0.0	0.0	0.0	0.0	reference_copy_not_detected	-6.47839816290445	8.24533845778001e-05	down
hsdS	TH2_HKNPDCAD_05180	Restriction-modification	-8.07438430194347	5.73647940031285e-09	TH2_contig_3	43414	44253	hypothetical protein	hypothetical protein	840	840	1.0	plasmid	AA374	IncHI1B,IncHI1B	not tested	19.041666666666668	1.0	1.0	0.5759773624939382	19.041666666666668	1.0	1.0	0.5759773624939382	0.0	0.0	0.0	0.0	0.0	0.0	0.0	0.0	0.0	0.0	reference_copy_not_detected	-8.07438430194347	5.73647940031285e-09	down
bcsA_5	TH2_HKNPDCAD_05158	Surface / stress	-11.817447989943	1.50517727954109e-19	TH2_contig_3	22624	23733	bcsA_4	Cellulose synthase catalytic subunit [UDP-forming]	1110	1110	1.0	plasmid	AA374	IncHI1B,IncHI1B	not tested	27.717117117117116	1.0	1.0	0.8383946790224615	27.717117117117116	1.0	1.0	0.8383946790224615	0.0	0.0	0.0	0.0	0.0	0.0	0.0	0.0	0.0	0.0	reference_copy_not_detected	-11.817447989943	1.50517727954109e-19	down
bcsB_2	TH2_HKNPDCAD_05160	Surface / stress	-10.6441909692648	9.161861711791679e-16	TH2_contig_3	24663	26060	bcsB_2	Cyclic di-GMP-binding protein	1398	1398	1.0	plasmid	AA374	IncHI1B,IncHI1B	not tested	29.84334763948498	1.0	1.0	0.9027094614291599	29.84334763948498	1.0	1.0	0.9027094614291599	0.0	0.0	0.0	0.0	0.0	0.0	0.0	0.0	0.0	0.0	reference_copy_not_detected	-10.6441909692648	9.161861711791679e-16	down
bcsB_3	TH2_HKNPDCAD_05161	Surface / stress	-10.7208074944821	1.9177143643311002e-16	TH2_contig_3	26057	26812	bcsB_3	Cyclic di-GMP-binding protein	756	756	1.0	plasmid	AA374	IncHI1B,IncHI1B	not tested	25.683862433862434	1.0	1.0	0.7768922543534297	25.683862433862434	1.0	1.0	0.7768922543534297	0.0	0.0	0.0	0.0	0.0	0.0	0.0	0.0	0.0	0.0	reference_copy_not_detected	-10.7208074944821	1.9177143643311002e-16	down
bcsC_2	TH2_HKNPDCAD_05163	Surface / stress	-11.1624765556994	2.65496375229928e-23	TH2_contig_3	29937	33410	bcsC_2	Cellulose synthase operon protein C	3474	10	0.0028785261945883708	plasmid	AA374	IncHI1B,IncHI1B	not tested	21.527921704087507	1.0	1.0	0.651182261519282	18.9	1.0	1.0	0.5716921917445302	0.0	0.0	0.0	0.0	0.0	0.0	0.0	0.0	0.0	0.0	ambiguous_repetitive	-11.1624765556994	2.65496375229928e-23	down
spy	TH2_HKNPDCAD_04849	Surface / stress	-2.22390949338165	7.13985348914438e-07	TH2_contig_2	4409016	4409501	spy	Periplasmic chaperone Spy	486	486	1.0	chromosome	-	-	not tested	23.53497942386831	1.0	1.0	0.7118922735181851	23.53497942386831	1.0	1.0	0.7118922735181851	119.76131687242798	1.0	1.0	0.9094664562052963	119.76131687242798	1.0	1.0	0.9094664562052963	1.2775338208275473	1.0	retained_DNA	-2.22390949338165	7.13985348914438e-07	down
mqsR	TH2_HKNPDCAD_01410	Surface / stress	-1.5248730044976	0.0046414579643822	TH2_contig_2	1101308	1101604	mqsR	mRNA interferase toxin MqsR	297	297	1.0	chromosome	-	-	not tested	34.666666666666664	1.0	1.0	1.0486064892668632	34.666666666666664	1.0	1.0	1.0486064892668632	110.94612794612794	1.0	1.0	0.8425239839367068	110.94612794612794	1.0	1.0	0.8425239839367068	0.8034701220719703	1.0	retained_DNA	-1.5248730044976	0.0046414579643822	down
relE	TH2_HKNPDCAD_05231	Surface / stress	-9.63084193789375	3.10047052989513e-13	TH2_contig_3	86000	86287	relE	mRNA interferase toxin RelE	288	288	1.0	plasmid	AA374	IncHI1B,IncHI1B	not tested	29.80902777777778	1.0	1.0	0.9016713451879028	29.80902777777778	1.0	1.0	0.9016713451879028	0.0	0.0	0.0	0.0	0.0	0.0	0.0	0.0	0.0	0.0	reference_copy_not_detected	-9.63084193789375	3.10047052989513e-13	down
