sample	read	filename	bytes	sha256
C600-1	read1	Unknown_DC115-001X0001_good_1.fq.gz	540108527	dc488082e06110e297863860d72fab3893a0d917ebde88b2cbc147091f5d57f1
C600-1	read2	Unknown_DC115-001X0001_good_2.fq.gz	543700161	4342dc9a495d726b2f8840c7c396b3a70b0038f6c6fbe4a7f8ff0874db2f5798
C600-2	read1	Unknown_DC115-001X0002_good_1.fq.gz	437290273	28ad6add005b1f794af4eccb2f5cb3c81ef1d3e85bde70148b9f73b27d6e4d8d
C600-2	read2	Unknown_DC115-001X0002_good_2.fq.gz	442030777	2ab43771e2ebf123dddc5d4d2a7d3ce6e3515b98b758cb4f149cc58a7b77e063
C600-3	read1	Unknown_DC115-001X0003_good_1.fq.gz	469983379	b3055ae91876d371d4354e2181c7e9b3a97b1365f714b315ad9995da070af98a
C600-3	read2	Unknown_DC115-001X0003_good_2.fq.gz	482363993	1a83a30feb5e176a1f8e08c6f684f6e7334e9d4d5dacac281375ece5b16393da
CD19C-1	read1	Unknown_DC115-001X0004_good_1.fq.gz	393242136	82f78714bdadd537487fd745ce5d863069587e03558aa5f406da31295ad52722
CD19C-1	read2	Unknown_DC115-001X0004_good_2.fq.gz	405589106	92f15d2dedf696bbb903a8c6354b30434840a181932ce19be971e12c3642c7d4
CD19C-2	read1	Unknown_DC115-001X0005_good_1.fq.gz	418741827	aa0e8d458a4db7da69f78d659e59885ffa9562a37a97f7e6baba8a5a072ca416
CD19C-2	read2	Unknown_DC115-001X0005_good_2.fq.gz	431674236	ab03f1bd76efe65a536b4da1bb873ed4580da82d66d6fc062f753404b8f960da
CD19C-3	read1	Unknown_DC115-001X0006_good_1.fq.gz	395123440	404b12952e27752b1399ea8b6d9bd314080fdb721b45e8ebf4d3c7d872bd0b6e
CD19C-3	read2	Unknown_DC115-001X0006_good_2.fq.gz	410741275	abee42c288290ea358d17eba11b536929f448f7202df4e0f21f3a948360bb8f6
TH2-1	read1	Unknown_DC115-001X0010_good_1.fq.gz	421062618	0e85c4f4f693014dd92f78ab7af06c5a855d745c5225995c6a2ec58be7de7322
TH2-1	read2	Unknown_DC115-001X0010_good_2.fq.gz	442228272	bbf5bfe9155a91656a8b1bb3c732b9e81783a2ca5e8589c3a20da41525cd2b23
TH2-2	read1	Unknown_DC115-001X0011_good_1.fq.gz	395503142	7a4397183cb64ad817f3c69fa1c94a2c5e494e0d48720ff4dc29618797a6d2bf
TH2-2	read2	Unknown_DC115-001X0011_good_2.fq.gz	409812549	43151e57a64d87cf3eaab91722100e85689c2aa65866582ce299012d04b6902e
TH2-3	read1	Unknown_DC115-001X0012_good_1.fq.gz	446153620	07d12d9e23fbc3ba70a38cf376e9afcb29a43d38c18c5508ebce73ea2da00cdb
TH2-3	read2	Unknown_DC115-001X0012_good_2.fq.gz	457247060	6c602a7db4238f09abcc9a5cc72ccb482b06c0484e4e3b690b9ed8af6faf826a
TH2C-1	read1	Unknown_DC115-001X0007_good_1.fq.gz	506613380	589805c7b37bb15d151e415e134c715a834a0514e547f15b8f84fe88c7d60541
TH2C-1	read2	Unknown_DC115-001X0007_good_2.fq.gz	523304040	4b011338dd93ca92a44068e0d86cdaedb2edb911c2c956aadd849821b74a5212
TH2C-2	read1	Unknown_DC115-001X0008_good_1.fq.gz	411551940	afd00a8ffb39edc0229c9089e8649a45117657a250224cb4e5175f807286af52
TH2C-2	read2	Unknown_DC115-001X0008_good_2.fq.gz	423233332	654de270d9d38ada0303b22bb20cfdfe909904cb468eb053f6f70c70f2c90b4d
TH2C-3	read1	Unknown_DC115-001X0009_good_1.fq.gz	493495610	4c7e126cada052d026c3dff67ef6459d08baf0fdfbac61aaa2019f7657b7e929
TH2C-3	read2	Unknown_DC115-001X0009_good_2.fq.gz	506025976	8b9eb7028916fa968d289d44155f133bbac5d5aa073a5efcf844f32325e93c10
